Month,Day,Hour,Solar_Radiation,Cloud_Cover,Ozone_Level,Altitude,UV_Index,UV_Risk_Level
7,16,16,759.7641664267073,0.875883083517057,364.89430352090983,0.24174243685954078,0.5873533730436887,Low
4,4,20,654.3869052341611,0.5390945527360087,229.28725132056323,0.441489753284836,1.2034763643987298,Low
11,11,7,269.2222611538745,0.2824724263700037,366.5859431148456,0.8939317064875313,1.2857566178328004,Low
8,24,14,419.8461118171655,0.4252281854376939,308.05930635806146,0.2692785016804714,1.2723559164833071,Low
5,23,13,805.4126060368575,0.03757109039890738,368.9331818180449,2.7324787940589457,6.0687117674214175,High
7,9,17,598.803862718815,0.12786680122241756,286.2603412682029,0.018141129551935253,2.496114434462603,Low
10,23,19,104.70665218862146,0.7655467505158609,275.808097076607,1.4515806565929341,0.1292265435082197,Low
3,3,6,784.8916840252845,1.1634755366141114e-05,383.01214650344446,0.36974237439765434,5.195578827552429,Moderate
7,19,2,131.78021944621517,0.4165658284822922,250.23385350968027,0.9230372684338456,0.3502517528434252,Low
11,8,11,771.1604044581089,0.5225101810855884,368.84246505722865,2.7781786794547965,2.8924606575253735,Low
11,5,20,282.2325041487137,0.054634420000972295,296.8041145018808,0.48508365982196056,1.3838766507981661,Low
8,4,23,962.2661321074422,0.9730781629723328,302.81908851025196,2.897496959154998,0.16863096419015536,Low
5,24,2,431.14667617187604,0.22612533124967193,261.6936562978968,0.6173831309682651,1.5450947164115814,Low
4,6,19,394.2384547042712,0.30419871963628087,314.6084401238031,2.224698325400489,1.7583344178057334,Low
8,2,13,233.9992452992002,0.30394251225502733,265.0422392552423,1.6400317946919352,0.8374860364779319,Low
8,20,14,375.04379394119337,0.2304166621173499,207.85388284833047,2.6534361827902773,1.2651820165099201,Low
3,28,13,888.9856856453805,0.001473822086311416,254.3997210688712,1.661979766509393,4.3892658605634285,Moderate
6,11,6,996.7009038645226,0.7293447940879964,201.27580868131813,1.603677657468926,1.050067513665311,Low
5,4,16,431.4785774561635,0.9668454997992854,395.6709574113713,0.5863740011051997,0.0998692710570774,Low
2,15,11,503.7495678590883,0.22429348328504506,393.14944196394947,0.4986880861549762,2.6881504578336406,Low
8,6,19,749.8638443824633,0.6630471918034224,279.03105949446103,2.7494674533465426,1.4981139104799057,Low
12,22,3,897.576202418567,0.7418963269587151,345.6741708679292,0.9835145965501022,1.4659613674855085,Low
6,17,8,633.7399007681057,0.8484253790905247,269.161219682085,1.1162467648886878,0.4790236530759565,Low
2,24,5,452.3731283600464,0.4226291970136091,334.2186314171952,2.2794709752851654,1.7865315104898036,Low
12,6,15,471.3596567637614,0.30293090564042924,361.0860086091958,1.016470447268422,2.1783623439306243,Low
5,19,21,726.0563318471262,0.3252951340230311,389.3512489384482,2.856187339917008,4.086830949125526,Moderate
1,25,21,102.89643724385081,0.7126213330985128,280.0424551699344,2.213783306996401,0.16856899605440148,Low
12,2,20,657.6304037138566,0.816779466505636,356.65959659120955,1.79228772772026,0.8446110474673257,Low
10,15,20,419.94370939722165,0.18161396775660266,253.18569012642376,2.6426854816342575,1.8334814824924073,Low
6,11,1,814.7775981493759,0.3709410081577652,398.0664607587297,0.14881772504844826,3.451041994097145,Moderate
12,8,23,183.69157584081893,0.90194019674915,205.15391975287022,0.7711880765676262,0.06633953688777094,Low
9,26,7,629.3820402535515,0.8066935196947392,320.7057613002242,1.3951090026627297,0.7410282326816668,Low
1,19,10,532.8756008975114,0.9848584027624758,331.9011963302654,0.6809356184145631,0.04767211169650536,Low
11,13,12,678.0929733147046,0.7542482596820808,337.60911141482575,2.231715561906456,1.1469279277133306,Low
11,12,16,158.3682350346715,0.39319520102792227,224.0775157578178,2.7576240931611755,0.45786127729854087,Low
10,5,7,621.9854086853181,0.5906378339946378,387.7059566946261,1.2713103597927702,1.8544431754193778,Low
12,6,20,605.3361291635713,0.6610142542473203,236.23665581001654,1.0263978003356848,0.8908564406263195,Low
12,26,17,604.5940849745539,0.07845581631712395,324.5506806479682,2.8846521964126985,3.8831487762752097,Moderate
3,22,17,643.1388999368094,0.5444969591038651,244.53521582461698,1.3345572984826224,1.353289718220207,Low
12,4,13,708.821143503726,0.7093208284726096,261.4432834042542,1.4671452013478496,1.0295136943296779,Low
7,19,14,824.4900997126928,0.16732130400106038,309.2917083456249,1.054949617025716,3.9123409298505054,Moderate
4,20,5,342.8386481153929,0.7806317174255571,283.4386837129153,2.728645419036415,0.4522240652403965,Low
9,1,10,842.5444691620559,0.5837727805141116,232.04512019530125,1.7068664498455521,1.5877611210326672,Low
3,20,12,548.4301140371083,0.9522217856975946,234.18728048416966,2.286523761544934,0.125658619911117,Low
5,17,0,169.35245122089805,0.042422298206891695,283.62895763255995,2.4354201550526593,0.953290562139243,Low
3,12,5,152.69583631958128,0.26532613755546697,351.45659565510016,1.0255471257517745,0.7245066592361626,Low
7,15,8,400.8144868264547,0.6015538792998241,379.59292936955774,1.3010829939611401,1.1418260348418905,Low
5,1,7,806.4072794003208,0.2965599122059307,216.82553245187657,2.545415323218794,2.571732353137901,Low
9,26,10,736.9128412668242,0.7144241640712422,278.6207815118802,1.0897660550274306,1.0837328090540628,Low
7,14,21,809.7534682051657,0.759005282521931,220.04911274457532,2.381805400355554,0.8861611073375757,Low
2,6,18,565.5421507974484,0.10251596406647445,203.31849612651956,2.8229769677233114,2.2054956826747776,Low
4,5,23,496.1790981599415,0.5138544642067677,332.3437365287913,1.869631119204021,1.5859089048407335,Low
9,11,8,232.70727403565556,0.5088905555910559,320.48988839331753,2.2248818623556668,0.7462700238602198,Low
12,4,16,395.3734782483804,0.36928077021554107,232.60382276297725,2.4152919361234044,1.200234591611487,Low
2,13,11,490.61742955648776,0.9329248625696721,246.76256661861282,2.5351189466899275,0.16965279997655122,Low
10,11,13,179.7403867116555,0.8275063198732212,204.7415507289037,1.185160013570388,0.11833570405988732,Low
9,3,14,298.55075744009014,0.6972093819096368,366.98944113888075,0.15379037752799452,0.5614241676952779,Low
10,1,15,638.402764657365,0.7143266357349976,394.9381192097103,1.2056288137102187,1.3451742462963565,Low
5,6,21,762.0968028152708,0.4617161438131191,227.09190735893816,2.0212686893522696,1.8664751255873142,Low
2,18,21,998.5127602536546,0.9209945210965759,246.29504275305962,1.3510511573423782,0.36757954049252384,Low
4,24,19,939.8019982092019,0.6945954272532854,373.6819047893868,2.2468894525811955,2.189215502051448,Low
12,10,0,678.3086795816724,0.7289810616558164,385.292759591237,1.0709472884059916,1.3069271932818094,Low
12,5,9,479.1232479646648,0.8616909037873453,283.9254765613621,1.9042324233120886,0.3732952796165119,Low
7,23,7,672.5596282374095,0.274071589342191,210.12449445381483,0.5592594145619237,1.80544174038741,Low
12,10,17,807.0864562722088,0.807070903866703,207.87836673856387,2.248108309934871,0.6607616863784073,Low
8,12,0,206.50257183104858,0.19524060295649204,314.7899732138021,1.6370879064390775,1.0146248076313904,Low
3,2,1,468.91440072665944,0.34534195224488784,278.5790217786358,0.6121931656398018,1.5125522525350186,Low
1,13,0,855.8220570720555,0.3356104542698427,205.73048551553092,0.8757335204934218,2.1203727975382907,Low
4,8,0,445.4496567397396,0.9785254683891406,316.6504784625114,2.2458261257454972,0.061821468296752516,Low
2,2,8,614.6850441044679,0.8565372237479268,202.2605073178045,1.447803706984562,0.3403093592150796,Low
8,20,12,628.9924247759784,0.7011698615902597,357.4743916298546,0.6480943211792166,1.1924368424752712,Low
4,1,0,266.02862782027546,0.7270567616153901,261.2865645406743,2.901813571110893,0.4079597385794834,Low
2,5,12,426.01189748705957,0.5620727944025711,208.05160060184642,2.1453750594506635,0.7856957349949589,Low
6,9,19,401.06015986773895,0.9470906671085191,317.6704441966307,2.8714044976193884,0.1446083287436565,Low
6,17,21,123.57703767885832,0.49625875288236154,279.53688288661095,1.2813151360810298,0.32718462872783793,Low
10,9,6,121.77258750221972,0.3805177098698945,394.7600826714299,1.4253010220751614,0.5670587570502773,Low
4,11,1,848.5273393081961,0.163035336931591,308.8397325007404,2.6938656485550574,4.640329037792863,Moderate
6,15,5,345.7637289755312,0.786205652261058,255.04783620740164,1.575148020736154,0.3637245363457902,Low
2,24,6,566.2708896149338,0.7344439320755914,341.8877729267949,2.1218367357170016,1.0386786743891208,Low
10,6,13,368.85301622989573,0.3843550385241349,254.29840050854227,0.7565186324865899,1.0352560583378532,Low
12,23,17,946.6113206038065,0.02519341395922936,380.84865828151305,1.3401794061079215,6.6421893740473585,High
2,3,14,333.36708297919637,0.8389973277180107,274.94439410147527,0.3703495974310653,0.25506027016279953,Low
10,17,1,486.69113146504156,0.011417983454073632,309.97371255524104,0.617940107630885,2.6392469249837696,Low
4,5,9,885.4572254361417,0.703699779629051,210.11462076484577,0.002830245802893261,0.9190253323882336,Low
8,28,22,857.7402101126278,0.970257109726057,285.22424759044617,0.1177951549459807,0.12270436549033656,Low
7,12,11,267.4912760616496,0.43766132814820347,366.472707932199,2.931851469530788,1.1881155175486962,Low
12,18,16,822.3789788161394,0.23497340499595276,361.1297610726684,0.7270610854102869,4.062013079818848,Moderate
9,14,7,512.3681980641034,0.7048710100433817,244.86371177070527,1.989932128512006,0.7399185922834733,Low
8,21,10,534.6719848768197,0.8171281420155851,245.21581420211254,2.5172990963988346,0.5001982413943231,Low
5,24,2,220.1319751743494,0.5464303160778473,363.46106244264735,1.6519813777096928,0.7047475467153412,Low
2,11,5,172.54136238141217,0.9670352752561462,386.0796840338651,0.4594335002518686,0.03828040628390695,Low
5,9,8,755.1453762763887,0.0516687216579611,219.0721842546007,2.184349312008499,3.185876759089875,Moderate
8,2,5,546.8150371197698,0.5047955983045281,290.011727885245,1.8007542302987491,1.5445395066292524,Low
10,12,8,493.1656323536616,0.7184539473225501,267.49085579284576,2.1937517680421252,0.7548093761879979,Low
9,3,6,756.5574057871571,0.862640471149179,374.1376910914879,2.3092398685712614,0.7976495518786495,Low
12,3,8,788.9616090919988,0.17925561190779005,216.70498293600374,2.9262311030542354,3.0231058683602106,Moderate
12,1,17,243.0173509024182,0.8000034817636814,242.22518851160748,1.72068984008013,0.22997516712547586,Low
12,8,11,649.2026345298772,0.5527070757185453,350.49366751729883,1.0249233380718055,1.8701515667335566,Low
9,22,7,221.81867404991698,0.3965536819899632,210.25876979624312,1.9453936707007111,0.5603251063247467,Low
1,28,7,776.2375774261411,0.13171502857909356,298.50707614285784,0.2053221277278784,3.422055469988349,Moderate
9,8,17,691.2596406404256,0.8652957589089124,288.421406935944,2.692191954964759,0.5681138055277042,Low
7,11,19,960.9531589751122,0.15727320817971535,266.8802357977497,0.35814303401459036,3.731093101387927,Moderate
9,9,14,162.06221472077905,0.30978785920909924,278.91446306378475,0.9835285136574548,0.5711182397471495,Low
8,5,6,151.3492490361289,0.2900455319624369,305.9881173860466,2.4472361418783626,0.6820826571712485,Low
1,14,10,353.96836722388014,0.8714140341908543,232.27347167767664,1.7919371349921356,0.20777416217915887,Low
12,28,19,335.53511536231537,0.672702994208898,314.39917565671857,1.1809065608323261,0.6434090666714319,Low
8,3,15,322.2809191647998,0.7966813971913723,361.08646585999725,1.4203069781250641,0.45034925471699594,Low
8,21,3,915.629122468933,0.250467898792499,352.03218595803185,2.563642179606541,5.0589049073962595,Moderate
11,5,5,324.59157986455546,0.6248740996069989,230.77998093875473,1.0200131581796765,0.5161112151215721,Low
3,5,21,344.7547535157679,0.5717459831437487,229.84989394829478,2.608949054436514,0.7131545468416909,Low
1,19,2,783.4584361761673,0.8328303767882711,253.63487354898268,0.2644032929300745,0.5682831100297472,Low
8,27,8,504.765858205486,0.9060870604812605,272.21494526820743,2.3303953116258924,0.26518754429959146,Low
3,14,9,799.0395012596631,0.012156771477386807,281.6911162816965,2.542642899164209,4.648011938665463,Moderate
3,26,13,158.82954180794673,0.6740199190587927,335.939443366669,0.5454529585120163,0.30570133331708593,Low
1,4,10,538.8140743060459,0.05183579911972902,211.33608643316708,1.2910395971166013,2.0317900360334296,Low
11,25,17,130.25224016495437,0.5488586650773559,206.9345408452133,0.49649932399096686,0.21272769831460595,Low
5,13,21,156.3878831098191,0.2876327290436782,278.3821125887818,2.1198123869826535,0.6264595468242313,Low
10,10,11,915.7937080099698,0.3067765995221412,339.43273842759606,1.6060433041849702,4.168286232017973,Moderate
7,25,22,225.32083400583565,0.3529585034523566,238.6870685912965,1.905970040124963,0.6905194403531965,Low
10,18,11,579.1786140476954,0.6212924490496101,328.3008962512504,0.5894609008686335,1.2708993305553762,Low
9,8,12,469.9860423406359,0.3340499656687692,251.9656275880599,0.6352375861572586,1.3978605599465777,Low
12,8,12,412.6089936329584,0.7326990505902804,377.2172217627033,0.1244919765297191,0.7020251866446202,Low
7,7,18,909.8500111185452,0.4045273855738697,379.1379888533233,0.9662026055871892,3.7543427181309457,Moderate
9,8,18,119.64105709794055,0.06835320030995862,259.4574408562653,1.6792339840010249,0.5629382738378454,Low
8,14,22,697.4107175580302,0.7837598424841072,245.9987507926481,2.5738047419919865,0.7774515423600665,Low
12,19,13,967.0549907921953,0.285758324592706,282.26079441324623,2.0007823423760422,3.899466790560809,Moderate
2,6,3,604.1513651156578,0.43276687959926263,248.10631703602974,1.3061889701992544,1.602175748752717,Low
1,1,12,943.1402158297826,0.6854438832219015,334.4767686583407,2.8593603431824133,2.1267109797180126,Low
7,23,7,147.0320913574214,0.332456157148712,365.2129369096571,2.1577356017274956,0.7263392717346664,Low
7,15,22,476.91398716674524,0.056585656146715624,334.6184261822434,2.79049560858765,3.209434447548799,Moderate
8,1,20,334.14201186584603,0.3739210470128136,364.8700894498699,1.5827639198164971,1.4735314339771024,Low
5,25,22,757.7388684826568,0.9444485826943034,279.39843244149483,0.7767128243794188,0.2112388204223317,Low
3,17,18,983.167381447522,0.6417343972985582,231.26339414177218,0.15848005909416596,1.3791673020403135,Low
12,1,11,330.877056199823,0.6714791486672069,347.5901894795185,2.1782545544515513,0.7668861602322607,Low
8,15,17,688.757141326667,0.6322821536376398,272.0949010283108,0.36390899401660237,1.1903469580155155,Low
6,23,5,278.28786948376614,0.1989921389594368,334.25416504582654,0.9083253848159015,1.3546113664696962,Low
11,2,17,608.7972291144489,0.41833386410228013,254.12878839635312,1.5974127236516922,1.7394428956692087,Low
3,14,18,517.5392380195026,0.7509397983633183,216.24592696133453,1.6932497633392432,0.5432247258007438,Low
1,21,21,974.8047966683833,0.10137289755315915,398.5163590975527,1.801749590961408,6.866548142187906,High
3,8,4,647.6745454268199,0.27785277608971226,231.24030158611987,0.4987659910491019,1.8924878829732317,Low
5,8,23,414.5557348781369,0.2763191084658536,397.6841987926962,1.1392122144649464,2.214989112330514,Low
3,19,8,202.68620639914002,0.432018927594506,395.4559865132894,1.8515826813509002,0.8992517927207183,Low
1,7,2,236.1221458614411,0.9803687409421851,358.7636207816079,2.9094565939013544,0.03578079495290782,Low
5,19,9,302.7852369561116,0.06750254668382194,331.8845924163995,2.182893413099066,1.9026926295454263,Low
10,6,18,325.8699952062682,0.518700994380595,315.5614100502169,2.7678112712818734,1.0531941320190967,Low
7,6,2,865.554452057024,0.17936468201221045,373.22030907556695,2.2866361749425312,5.428647153309561,Moderate
7,3,21,605.1005094542725,0.9706765454097441,257.8879043238976,1.7751509066772013,0.08980258866862076,Low
11,7,14,571.0518202369299,0.1133035047274642,293.53624249697543,0.5760701074090336,2.6199036102548496,Low
9,19,0,203.29198468229572,0.40360100236159124,323.8779938733004,2.000056955677539,0.7853634000327419,Low
10,8,6,874.1257240144914,0.7378849848346062,282.2380951738982,1.8701386978797212,1.2793399934900418,Low
10,10,11,750.5328728876353,0.7045544280274453,285.4972908180536,1.8074075113717993,1.245811964975951,Low
12,20,16,160.9015257100014,0.42272863689393225,266.0569335004169,1.4693576039647223,0.4723920723831162,Low
3,15,20,737.0515875067919,0.34652416795271823,312.8463633369072,1.5859698119678267,2.9096427531617755,Extreme
7,15,23,589.1843956083815,0.39761237855287057,370.1149056030232,1.0033275813543123,2.408999129142914,Low
1,1,19,173.55281117210043,0.2642762631586393,240.30567560126258,1.5579380779269094,0.5910708775545801,Low
4,20,4,512.4705773757908,0.2053329387067998,386.8866077506883,0.5926677170354347,2.7815824882441005,Low
4,7,3,536.2266584170422,0.48303969755889,337.8175307496459,2.4155231920811304,1.937766993141392,Low
5,27,11,249.19708614694818,0.2685337560676073,364.654642536006,0.5573308640961234,1.1695583067623783,Low
7,4,19,951.1283323002541,0.2874616648972501,311.23813852600233,0.25489886966839925,3.6051247217070244,Moderate
7,6,23,864.9778343325958,0.6567560634745571,355.90334028481266,1.308738079071472,1.991603183260935,Low
11,25,17,702.1201035961975,0.9685373316998922,203.24007946789345,1.9749223185181854,0.08960614019981007,Low
4,1,16,516.0660049005464,0.6036372005593751,363.6760849559071,1.313150474800624,1.4026366902347573,Low
7,5,18,470.58898742605766,0.07697946706496628,208.0277718170733,0.8302623958539258,1.6310308207399,Low
11,27,8,685.8761204358588,0.07558361385406698,377.98267527257246,1.674513551671322,4.663078811358218,Moderate
3,23,3,590.888682466215,0.951423220845566,398.3925494477287,1.0410070062365997,0.21042775926855167,Low
6,1,20,156.04579529369704,0.29729079030733363,258.81349243535556,2.798603070379899,0.6053770454450718,Low
12,4,1,561.2523838932985,0.09206698608247543,242.06371125715873,2.7679354188107164,2.6248900771853383,Low
2,22,3,825.7632555095555,0.5990445871503816,353.07267277160815,1.5071154599162864,2.2419760051702378,Low
10,2,1,513.3158898372623,0.6236487782902661,250.60526818405066,0.9836519820547756,0.88626530511054,Low
9,10,14,146.76091979884157,0.6485048201186882,373.11247663444067,2.2113972418699173,0.39172715595418217,Low
5,5,1,807.6503794456298,0.2674020278575413,220.56851843149533,0.11013883044919992,2.19906723867997,Low
6,27,3,281.22740392237694,0.015110684214475034,225.19103927587165,1.4243070181309538,1.1876125674466855,Low
12,10,5,332.75875139923494,0.9650153694544719,395.8303110201231,1.0089701828110007,0.08454954418581825,Low
12,1,6,248.2357180890663,0.2508930456911025,334.76777965400095,2.761607655307664,1.3240545867972706,Low
12,22,9,397.1935583843478,0.6760262880525475,369.37744488579057,0.03600908181804763,0.795045779570309,Low
12,6,18,781.0763551197715,0.7066298698787096,264.8658754703036,1.6584446271550473,1.1793012451321703,Low
4,13,18,567.4472735535436,0.6100074170794857,335.2967499041209,2.221990743199878,1.5114782599266074,Low
11,15,21,284.39314673564127,0.3129073942136482,318.8483654617194,1.4550539625721237,1.1895001071044715,Low
10,4,11,890.0470703368368,0.27109625376406576,320.6300240245894,0.256209090488165,3.5556823881660344,Moderate
7,13,2,891.6236694563763,0.5976682827027031,336.5064919075443,2.9173841700837064,2.5988584904704504,Low
12,24,12,883.5205825414063,0.8660956336116915,315.07183462581975,1.5540312941282939,0.7177997141601355,Low
9,20,17,314.9165902433854,0.9467337289233956,285.8124738605332,1.842558732957034,0.09462879531822674,Low
7,24,7,506.11540976288927,0.10590580440375763,255.18453887610937,0.709829348122522,2.0611922184342855,Low
1,15,20,986.4906905267876,0.15482861259771985,353.7162661826404,1.4504942553204114,5.6281516625828845,Moderate
1,8,14,794.8112286789914,0.9447362587830797,245.25448600063726,1.2874484758749656,0.2026589399222495,Low
9,5,0,124.45067910300384,0.7365352283347926,338.47086123088286,0.2246875260059512,0.1891210648733338,Low
11,15,2,158.68413213444285,0.8829938248297731,246.66656452986533,0.31848106064240167,0.0787620642705595,Low
9,4,7,517.5382391310995,0.20263263413534316,325.0660339908908,2.5124175588563236,2.797450897638484,Low
4,12,3,918.2981852754042,0.5875858711094019,349.4156534258058,0.7194598566197707,2.3641839804184057,Low
9,13,15,584.8316181574428,0.7011395944174736,243.74277778130784,0.5848748144958916,0.7515631145686494,Low
3,2,22,548.0312572308612,0.6801118854469727,211.98866017226166,1.5147343537504177,0.7132121554713236,Low
7,27,9,194.9263299609675,0.4081516908666981,226.19474859883482,2.3062413940875386,0.5352265082223844,Low
6,19,11,691.1020942518646,0.015394891691308477,321.1993934542051,0.18583955573696376,3.710432973778393,Moderate
8,19,13,839.892844540203,0.5829260568042631,369.8892812451471,1.7304237589147675,2.5332096662007424,Low
11,4,13,442.3780067568061,0.25310153917960876,208.99936424708488,0.3576313285217201,1.1920905773233306,Low
9,4,1,798.0506658327947,0.45025424614289034,346.83025180832925,0.10938315247685537,2.5637916316742477,Low
5,26,22,968.0289885107304,0.9575810150838173,268.2637291900104,0.15823185648665217,0.1864994102407909,Low
1,11,4,283.3898132149202,0.3990353176424347,295.7056739839045,2.502492324625324,1.0493930631327928,Low
3,27,4,570.9966680752672,0.8398016066644267,385.77190996911315,0.3539174508841847,0.6089417895182929,Low
10,5,5,358.424162276118,0.18854060574925113,266.3943009471691,0.13545409323687585,1.3088231301263447,Low
12,20,12,813.5689771304554,0.6724604980250288,293.0673867878972,1.3136996614287368,1.4725801810820145,Low
8,11,8,619.8340292930418,0.9770069544389435,202.7364829521362,2.5319804158260744,0.060349306078579516,Low
11,10,21,671.1241757952733,0.10189310087293679,216.31974400096766,0.7872251294679058,2.34415091945168,Low
6,8,14,818.1227436543047,0.008319942227192012,251.7183182269568,1.265137852577749,3.8343356519920397,Moderate
8,6,13,456.37342539620937,0.43358279263261434,205.5704481642149,0.11976759769125367,0.896265660630926,Low
9,6,23,923.5810615663389,0.0926254830513672,326.27506520965017,1.3472355424046276,5.171116258478083,Moderate
4,8,6,579.725980521526,0.7483843496762314,285.2796713603245,1.732839241911401,0.8137352126692527,Low
1,23,19,242.15934055181322,0.9145486638485589,309.6290405456044,1.7127211612564344,0.12507437005429867,Low
1,15,1,726.3092063519222,0.43402097270875883,234.9294371792659,0.9972800765230955,1.7700818996164944,Low
10,26,6,813.935215394429,0.25871164215544096,259.18640588732325,0.9465995419894065,2.853101473161086,Low
4,14,5,385.085509360774,0.4344033190066098,332.764894970545,0.31987085680979366,1.2465926018985578,Low
12,11,16,871.4613312988777,0.723447817850001,393.06054472607997,1.1003949619388051,1.752555757173885,Low
7,12,1,915.5289292891898,0.009054161580370979,210.08335472044183,0.29848400661889396,3.271415314087437,Moderate
2,26,2,349.21403864002804,0.5894539894846972,378.0768641710532,2.299787834136155,1.1111687077049506,Low
3,13,4,985.1693254436999,0.6132916848873791,315.3762402622417,2.8988228932445574,2.582986833110063,Low
1,8,4,226.64037524388257,0.6376882468959355,312.78391335112474,2.9102233700001205,0.5526454744342644,Low
5,18,0,281.814101562241,0.2420220799808772,300.05570704155207,2.5952132981261817,1.3454744131303147,Low
1,25,7,265.8023553142235,0.7140527233781268,213.87881718083668,1.8023764480188573,0.3197648891939795,Low
8,1,11,904.5907390070834,0.0913914863317764,217.97537034723214,2.10259709173164,3.6137964614598124,Moderate
1,15,23,688.8632970924657,0.1992703364668008,320.1824011318172,0.8556174080412422,3.195359299283545,Moderate
11,8,3,236.8938549000456,0.8774700466544819,268.19171428711167,1.8923112605178618,0.15429662860456117,Low
1,28,12,496.2910765315141,0.7387231507265664,383.45361331553613,1.3669486483196325,0.9419825961717719,Low
2,11,22,653.7682225628218,0.013745554011345251,281.31810747189445,1.4460520193307975,3.4603094056661337,Moderate
2,12,14,175.11767649044498,0.2483762603698002,228.65629174052822,2.2733296811254737,0.6156370956704785,Low
12,12,10,894.1747315666048,0.21440648299316456,342.9437667004072,0.8457550667917549,4.354634805400218,Moderate
6,4,9,823.2431818973816,0.2708063280369726,258.670684288202,0.9541188350835597,2.8349437312959695,Low
7,16,2,554.6860962189744,0.2475597702798864,305.09406147117863,2.77392537338591,2.7109790780698253,Low
5,4,21,970.4139537332534,0.06252629574284574,339.566557101034,0.16867288455291674,5.235450589003742,Moderate
1,5,13,475.98488134758975,0.45894051659682034,380.0528222404141,1.4569028952400211,1.8689518628171413,Low
1,24,15,985.699287132848,0.7327334747861651,358.4382389603352,2.7384024012235852,2.0047815567364586,Low
3,5,9,701.1279989232644,0.6067317247174364,335.2722135745448,1.831089023454471,1.822876548914096,Low
2,8,9,671.2041459285473,0.6728716685980798,335.92663647902873,1.6392212226363962,1.4308361456456398,Low
5,10,11,249.3594057662065,0.08114917853623915,389.1849288064173,0.7492325376880656,1.5975445714305083,Low
12,17,8,893.7349824741796,0.9514907101767872,259.1648194993072,1.0298264671933448,0.20655092817863663,Low
10,28,0,484.7407191285536,0.8384918338430248,200.2224188392375,2.556145247414079,0.32803620047163684,Low
6,26,4,246.0100652042314,0.8050903184956627,254.39091187963973,1.6776543953053744,0.23740630440141156,Low
7,9,19,111.34676797818314,0.8229838050417675,243.5782759253488,1.5442265812703395,0.09237251337456233,Low
4,22,7,603.7801152745443,0.9327105081327614,332.3669170227996,0.2987391406200868,0.2317803695516099,Low
7,19,10,574.6596599104087,0.5442539661136977,326.74231995310583,0.048084469365369364,1.4330819455925947,Low
11,14,11,747.4182601322427,0.2002820178676259,318.69227654094476,2.8910555660611474,4.09269455718443,Moderate
8,8,0,901.2322477160219,0.6167836078525412,203.24868864189074,1.1309585018605248,1.3022365076781752,Low
11,9,21,171.46592617872656,0.742881493667939,345.7556108901295,1.8096391862985128,0.3000307594881225,Low
1,22,19,758.3468413063262,0.7379173933540254,264.7060824970983,0.23914521956185497,0.8978058991126896,Low
6,11,10,268.670749687824,0.5214490241668801,333.01119780132626,2.0493428571691394,0.8598437570388345,Low
8,23,4,872.3593478414476,0.06845871933357806,311.31568570043066,2.7977001261178827,5.396090276273729,Moderate
5,1,14,837.1571624754905,0.3711129384301278,268.54618508558144,1.7269957589922589,2.763338972473608,Low
4,14,4,586.71437948699,0.9207666084633573,226.91525342082156,0.3783459671262317,0.18246331563817444,Low
2,5,11,739.2185187609804,0.584448909757426,218.88377953209618,1.74516458242043,1.3161903426985522,Low
6,21,4,382.9151018653736,0.5383319432557134,366.3036666224447,2.299041639313957,1.327374922945893,Low
6,26,16,524.0511090395332,0.2688535143821935,383.6795084163116,1.219249609722056,2.748901677426705,Low
11,14,16,839.4732079394245,0.3684489199165789,329.9576093528599,2.6395132438244033,3.685127933620145,Moderate
1,4,23,513.3386774558926,0.8953460891531693,220.68682297209668,1.9460488600720933,0.23605265446735701,Low
9,22,11,422.0184387928976,0.6664630475268357,280.4054433776481,2.6977467548676075,0.8352899070477194,Low
12,23,23,544.7912025252699,0.7873870267523329,345.78784002103146,1.8705159337420116,0.7924062793152755,Low
11,25,14,845.4243271934965,0.45434542306765513,355.96417680201364,0.3938639160144727,2.844622317903602,Low
6,1,14,401.68724263378544,0.6302472194561579,223.64372445821772,0.9290751333155673,0.6050459593559957,Low
3,22,5,256.3854338221694,0.24838360874320753,200.0061437690765,0.6053848447573708,0.6812525001569425,Low
4,23,11,740.8126182977027,0.7054608302834863,342.427409176121,2.726479493150587,1.5848091900912902,Low
12,19,19,843.3803914372736,0.4276013337033373,271.31923519724114,2.2812002018624478,2.6809718720301583,Low
11,8,17,190.57373067118,0.4425455148147456,250.89626632365204,2.0291951067300182,0.5343821794966714,Low
4,15,13,315.8867014803502,0.6493223245768817,202.5794939579051,0.902898958894865,0.4077797740058356,Low
3,21,1,227.7747907848945,0.9362806214689267,308.05988135229995,0.5521343161506406,0.07863237474951025,Low
10,15,8,413.14727042395,0.06400634660862092,370.23014708519634,2.2693532639667353,2.9276556377241585,Extreme
3,9,4,505.31588101487137,0.8247432373470076,391.5263292545176,1.422473837637239,0.6600967991925878,Low
3,21,19,773.9437032669758,0.2923831104121931,313.14899012265784,0.6773686564518874,3.051908890432698,Moderate
4,9,0,686.0328263935068,0.4439194545063778,302.8922655479788,1.8498659344958253,2.2820910550054294,Low
7,10,22,658.8357107305881,0.021913328775008956,217.01127709784822,0.12100155641535593,2.358897204840038,Low
4,20,2,417.137451948689,0.30104607783431303,309.77456030851994,0.9785107623847605,1.652592056906481,Low
9,25,5,857.3027977762839,0.5026312426301305,275.9958157930789,1.4056709837734038,2.237097071888221,Low
1,21,4,524.1584506583481,0.05617607734743901,321.4270561767154,0.4438750023282175,2.767874653878526,Low
8,26,20,981.194444213639,0.49109572938316515,277.74526957530935,2.9539634327725186,2.994258307771917,Extreme
7,9,4,670.7279244661631,0.9271106288584273,248.05982469007336,0.6272920937688428,0.21480203454206964,Low
2,3,0,213.63826740805246,0.10539321810780522,218.9930550456753,0.3910593901297966,0.7248533531284536,Low
8,20,16,708.5598058678906,0.7644407280755043,262.98368891777915,0.6106046216606892,0.7762371262093826,Low
1,25,18,392.5936138885291,0.40967105337599263,219.32896685755045,2.3071833994791726,1.0426552277751033,Low
11,26,13,717.6944770174877,0.655173714524338,235.3793901647968,1.2765169778155285,1.0947932953885067,Low
12,11,11,162.67703334616516,0.26023659798522936,397.4672317159092,1.696247819257614,0.93242890239636,Low
9,6,9,257.3932934583635,0.1594922625413583,288.8207113813237,0.06302747095908223,1.0479599461965545,Low
9,2,19,870.1635330152077,0.16046261427122643,306.37435330100334,0.10329392571994367,3.768817122497257,Moderate
2,7,20,304.4616013211634,0.07049194564314465,374.7237057474431,1.3374766494810486,2.0038352313512147,Low
7,18,17,853.3370127186461,0.18564670490124302,399.11378009813757,2.4499657296048705,5.755023078647156,Moderate
10,27,23,351.3484796089694,0.6642193849889683,316.5428898689363,2.655716636122696,0.7877016471916023,Low
3,2,10,678.5937190528368,0.881690611843508,362.49476420883434,0.26011970278692065,0.49765911088013703,Low
7,27,1,724.7355161588479,0.8141256855911618,265.38820486733505,1.6150893063030685,0.6920729009415211,Low
12,17,17,561.3892778305476,0.6851343098744841,261.14879148945823,2.7396890588378113,0.9801330897323781,Low
10,11,6,374.77960902705814,0.11043186341110267,280.540744198912,1.163918263193659,1.740269524104843,Low
9,27,23,291.3799387339865,0.28918744629594983,334.5014525347298,2.488697494285106,1.4420444275488613,Low
4,12,14,129.8704191061836,0.309806875322469,336.43833785101975,0.4010869631983086,0.5227738154927224,Low
12,27,10,373.55176111665145,0.24995694639762123,263.0478869298902,2.806183469003396,1.5730418177533478,Low
1,19,17,687.8465114781548,0.5150056597097231,226.64198482732573,2.254269952593908,1.5442043353066837,Low
2,22,22,944.4743366036344,0.5355538148796726,326.4792512931017,2.824003178360705,3.0609308192369244,Moderate
1,24,11,884.0840340367469,0.3568859751711102,225.66517243775291,2.0298517006575194,2.5724982601675803,Low
12,25,5,789.4582988817723,0.353789158736436,315.69850164586603,1.090211795998281,2.9769020468615075,Extreme
5,7,19,809.6026089279688,0.8285555979060814,338.68442561126176,2.814543517574167,1.0040199082448908,Low
5,20,22,698.4864131283957,0.7892928483196856,340.1222992788903,0.8267003289275354,0.9032692195667977,Low
11,6,12,334.2581718094027,0.30779583168074565,350.69442213191934,0.9965175661851976,1.487130305707839,Low
7,21,19,916.4755276352469,0.9137884438732593,374.5718843131329,2.102425254005221,0.5969565080654754,Low
9,24,15,703.6590807152506,0.952815017002506,299.99179839295766,2.295948898576159,0.20412033866429202,Low
9,1,17,604.396567882396,0.32674254203004083,346.0498379059143,2.7882104515474615,3.0012373112908626,Moderate
3,17,9,199.89052229213297,0.35442494879305486,323.83454707316736,0.6144072271686285,0.7392760116332302,Low
3,11,22,502.3499894257829,0.5056341534219588,237.32798795953653,2.393994105657672,1.2174856454216334,Low
3,22,7,514.3224440817337,0.9411208125336735,205.13792897388163,2.21563816019089,0.12647601136017542,Low
4,26,17,878.1072485704029,0.8763194331423115,256.90827713538675,0.1913836687607936,0.4739243543046352,Low
8,28,20,591.9833981690097,0.1025679625835898,288.6067412675239,1.1616694236306209,2.852301782012676,Low
6,18,0,442.36049407336867,0.3927307432714162,323.4211888857312,0.8482963711802958,1.5708560538306335,Low
8,21,22,979.1202956595934,0.5533711897497718,369.99186610064106,0.9134712730620912,2.94297534000135,Extreme
1,17,7,199.6485339936841,0.50313247255154,239.24914334123312,2.9488406386641026,0.5121966895221295,Low
8,7,5,480.29358548075015,0.19386306793689267,225.10995797969542,1.9283322404397838,1.7327614936905267,Low
4,17,4,137.82220765426476,0.8588167711681547,392.6959894948655,2.1530284733804987,0.15477187470570866,Low
11,20,14,765.9137086902373,0.6769407829968374,221.60891187528142,2.9298529119450274,1.1816572783147308,Low
1,9,21,926.2688969792356,0.8379083748518036,295.6982140214378,1.1316053473729162,0.8236693576882314,Low
8,17,14,352.0335965954405,0.8587642793494722,317.11274575866037,2.405520505358418,0.3259913688107955,Low
4,20,1,872.5075091192087,0.7483558536657398,308.27488418148766,1.303592889913486,1.2751445123544665,Low
6,22,0,362.996407415708,0.43921060124971734,217.20643140658865,2.6086010154449393,0.929159890497719,Low
8,22,22,919.6931454795237,0.6105467550154245,211.40538280072388,0.5419726239339095,1.330408317262487,Low
4,28,22,778.5657132371056,0.16036540611974315,221.09668549220714,2.8430585311928387,3.0937487538176422,Moderate
3,8,10,824.4160991572948,0.6736454174749077,317.1175367745225,0.656315125232639,1.515347522217938,Low
9,17,9,116.20590004040905,0.17925325573928075,308.8689775268642,0.9786615209427946,0.5390260858640824,Low
3,7,17,966.5293213666233,0.6939495905101568,246.74815840734885,2.2685767023203414,1.4924673898078233,Low
9,1,17,754.003892863291,0.22959816075396866,327.5548283691183,1.1812654246962202,3.5458030666635865,Moderate
2,13,16,374.27598584751996,0.11755130015021997,364.0135004111299,1.8246341302993399,2.3693836270363757,Low
2,23,7,846.4551983729623,0.16528449014295743,208.31579196931875,1.3337205032082855,2.780263139428354,Low
2,19,14,353.3690785734369,0.001992135219070268,299.62598870960846,2.2271098112693455,2.1533496305807307,Low
6,27,7,885.4784556095152,0.7187396178535302,337.86208242053806,0.6849937571058325,1.4984734010361067,Low
3,24,16,201.32235137074332,0.7324010490583791,250.46238541393743,0.17537396171063102,0.22883267743756877,Low
9,19,11,733.3173797147161,0.5149333499132595,261.5541810586298,0.8997881924191987,1.6901368453289656,Low
4,17,7,586.6286289804193,0.1613628010553837,322.7275805978768,1.4229259946052908,3.022731494545285,Moderate
1,13,13,186.88102317589673,0.08355433751068975,379.5870586887474,0.5040601565780357,1.13812318541077,Low
4,16,3,317.7044454329551,0.01912896643728701,361.9848840605799,1.064391868969166,2.0801848782621617,Low
1,8,0,111.1636326495833,0.1657481769652207,316.62604381991673,1.1999490548807055,0.5481145440633399,Low
5,19,0,521.8911689180552,0.8908555349831467,346.04434355144986,0.17217553106482064,0.3341765834479222,Low
4,18,18,371.1387346840003,0.24153684170168177,272.96449404155976,1.7499217445526136,1.504737195589745,Low
8,1,15,638.5217358679829,0.35427132721721566,328.1931056197516,2.6530302839138624,2.853635554723008,Low
8,14,13,367.5140269377555,0.10534548448133318,293.2363182255114,0.45522873885915727,1.6800775325711026,Low
7,19,20,369.9272003562862,0.22236130474817029,237.98722729151217,1.793424040204542,1.3456634037171185,Low
3,15,15,768.873878858443,0.5192245707802051,340.3476547754515,1.9942176147325388,2.515016317520648,Low
1,18,4,143.3285523805181,0.6077526830956526,311.29292746976444,1.258004041257865,0.32837652266353934,Low
1,2,8,912.6054956727885,0.24535231416621106,271.7243163907183,2.10329276209281,3.7749231718355345,Moderate
12,22,1,867.0374869520633,0.05773215922511721,382.26783801572617,1.2321946304730362,5.846465270187994,Moderate
11,28,17,701.0242149037658,0.39103286912739865,204.18682356534666,1.5139118639323046,1.672731499469291,Low
3,17,5,633.8994130966458,0.23420337092633414,263.1546302498992,0.02205913366328094,2.133784354391567,Low
6,18,8,903.072248325687,0.21955392322980194,211.37627955552932,2.0751603424040663,2.9982186673929463,Extreme
7,6,0,266.797161575843,0.9598628027134553,353.30546324432544,1.9840280368341734,0.075566649562689,Low
6,19,8,171.07224597174576,0.6163004859257241,340.4214908227585,0.11520263197903369,0.37671343797584855,Low
6,4,15,315.5591529185843,0.5568784431720959,266.2704437472634,1.1047503221853994,0.6891030459428087,Low
6,1,12,815.1204508301712,0.4157751035233219,335.1325804414146,2.937095522375002,3.4411534127243213,Moderate
3,8,8,131.20324005383497,0.42894433343014426,279.18744523918997,1.2622096877058504,0.3926370234898838,Low
6,23,20,624.5261515751407,0.5409050038380808,351.2507582844869,1.5058362153955251,1.931245104128367,Low
8,7,12,995.893764572179,0.6964298070361072,290.8367325473412,2.729790474479156,1.8654834557781745,Low
11,3,8,870.1264844537855,0.7021460961818294,282.4559455663331,2.151785627597269,1.482604295821373,Low
11,10,10,569.3011201392305,0.17169390770544957,386.9459830976602,1.7462103933726707,3.5721506118204855,Moderate
2,10,3,157.2768183579781,0.500112752076627,250.17581997814005,2.3934140440232174,0.4062766040117574,Low
5,19,1,848.2361629471388,0.41195809503410197,224.0894679993131,2.5930987993679198,2.3459992313372875,Low
1,14,5,639.0806573594895,0.8705269662693842,316.9086226518916,1.3706642152118005,0.49693963614137626,Low
12,2,13,203.43969735361014,0.6314189212183764,393.8643624568358,1.425325094795506,0.5623837206666481,Low
1,28,3,184.47155634102057,0.5325040664159818,275.56784274543736,1.1581528069555074,0.4419537671061825,Low
5,1,5,918.6641374929332,0.11539464217891737,212.4073527257563,2.9001184200553816,3.711233854532657,Moderate
12,23,18,702.2802366442706,0.6056378893234114,267.86105346191346,2.0914987628710513,1.4950099636437448,Low
3,23,5,846.3581193850799,0.11720390568023342,301.1863308639117,0.24966919862421688,3.8442216871317028,Moderate
4,28,1,891.0810102540406,0.33720657556575206,232.38460132644275,2.5888788699390552,2.8796422095663345,Low
3,18,17,614.59511684349,0.14284196481433187,331.6204436112984,1.4416798225088043,3.3314234780066734,Moderate
1,7,12,565.7017165795371,0.6920736470243689,399.5498778020401,0.2062617192674624,1.1839157753245981,Low
1,8,8,487.3846692888912,0.2062521138361526,290.34789519628873,1.649151765489933,2.180801720047019,Low
12,1,22,385.25192901200734,0.391859373188026,270.9457113460425,1.2514928369271061,1.1903920511761794,Low
12,25,18,491.1363647728406,0.8956747776187787,280.14083336689333,2.6332482145878746,0.3022258484980953,Low
5,23,12,796.4916901571407,0.2043163833989703,223.02923567904023,0.6119838108281621,2.499935417917059,Low
6,3,10,641.7310879136185,0.5078050639587791,376.65472028524476,2.4793938284765487,2.474433999689166,Low
3,24,0,903.2709609593614,0.419271661166022,282.9651311042704,1.6730660735563583,2.8877373064317053,Low
12,23,23,499.042012941269,0.018124041045729733,277.4548822849683,0.16383090964040714,2.3029912505736516,Low
9,27,21,646.3806208468786,0.7927581135728128,331.93805458609484,2.915535903976454,0.9571590042342072,Low
5,8,6,668.1767977827899,0.06904590631459973,288.4066841862247,1.5378457323095998,3.4498360473488114,Moderate
8,22,20,632.527446075693,0.4742550209769536,329.64669376156917,0.8726305626947475,1.986491055878187,Low
1,25,14,732.3703957769648,0.5606782949389499,212.2892580261575,1.4082205259677743,1.298697838346536,Low
5,15,0,313.69012153732564,0.6284264566145871,362.74466874444545,2.5735733505524667,0.8860416437217078,Low
3,5,11,561.1273997912116,0.6886316293078756,388.1007905758805,0.9147093731551905,1.2335064454125173,Low
12,3,6,193.8023225275129,0.2532723835227151,329.7530772318772,0.578029189460101,0.841324543177618,Low
1,19,14,446.0601948803313,0.009978776658449373,390.9131857717622,0.38721374079264437,2.9885884399330953,Extreme
4,1,20,538.9003617591379,0.723443662354912,230.28646287399266,0.8935781951706337,0.6231316414367045,Low
5,28,18,687.0018335909252,0.5356565993475786,295.4832378960707,2.3401442611201304,1.9386482149006201,Low
7,15,0,955.4779473275831,0.8361177032072488,320.36134678908945,1.414879095585785,0.954361444952508,Low
1,8,16,640.5859598935203,0.8213883629006943,316.3473294842373,0.6824448110806199,0.6444225763717968,Low
3,2,16,769.2345245589038,0.8433261677878832,280.29235581780864,0.4985549988292476,0.5910779593656419,Low
2,3,2,555.6394535456825,0.48509465997954015,267.6168818732523,0.9981884295311373,1.4034724222573973,Low
9,24,11,670.6936282386981,0.33362839583686565,225.36480451008376,2.8197731186571264,2.15206727913801,Low
10,14,5,163.83899452039608,0.79155820259137,278.34849011245564,1.0290801377700731,0.17473463426102198,Low
6,24,10,328.95242275766225,0.45129411302925493,232.53216302109703,2.964372227863906,0.9068928584199737,Low
10,14,2,425.66778388462484,0.1834421964034345,346.8731352984437,1.4556913672960685,2.301963515200944,Low
3,11,7,525.2440195058623,0.8549740195614743,241.766187098918,0.5374917548704526,0.32343609510535,Low
8,16,13,141.08387095214536,0.8825598767723473,211.71306105690678,2.6734202753805283,0.07409418126947194,Low
8,4,13,226.02168779798592,0.4663097561401701,310.47322756344687,1.3810661194044807,0.7103873673664801,Low
2,20,9,349.1328770121752,0.07569972730978747,319.0459465438803,2.129014030513573,2.0812838187112908,Low
6,5,1,974.3794218109456,0.38782608991693124,374.3826122561011,2.9511347496274554,4.82031214013544,Moderate
7,22,13,398.2123063927457,0.8035376594626034,315.3963224835364,0.150526050959922,0.41743409276086174,Low
2,21,8,533.8369523008743,0.9017740285462287,269.0961707446892,0.2900836793627014,0.24199708739844059,Low
11,14,2,276.4879414645536,0.20347274249759584,360.6023763052641,2.1613702243882686,1.6096693730960745,Low
10,23,20,649.7020639681914,0.06697361202527152,308.0557786374842,0.845475009886416,3.375474726537915,Moderate
2,16,7,352.61489396437685,0.8773504531328387,215.85605692623835,0.5529041908502972,0.16419184564366607,Low
10,18,15,286.2933205945841,0.3894049389788753,313.1701120626493,0.11808563945918849,0.923191742151781,Low
1,7,1,564.9153656013812,0.5417609642675633,381.6037090843325,0.06554013595860542,1.6571960591000945,Low
8,10,5,104.95521924437874,0.9680658120507589,279.2625250996441,2.3234568093593726,0.019224447830764504,Low
1,7,20,106.89762938430279,0.06656472791422285,259.26516037996004,0.40330028210865,0.448555645063051,Low
9,1,11,297.161928191672,0.6483180074520956,228.693891403604,1.4031618479134527,0.4542259077320344,Low
11,23,4,133.04922625073903,0.07410542257486707,230.28910438707146,1.817690445538449,0.5587642913257764,Low
6,21,1,197.22317871762223,0.3754689284665004,286.5542968683638,1.2850554017065388,0.6638521628838757,Low
7,19,15,404.97458440487645,0.8038145451934468,319.1359648323059,0.08131995700869932,0.4260263600694583,Low
10,16,4,822.3271116218316,0.4334722327556344,216.12308103392036,2.3505045077637265,2.0725280068647214,Low
7,19,14,614.8437790323708,0.9971823539029504,387.9137178050331,0.03153967362496046,0.011235766612990191,Low
10,4,11,561.4009533607748,0.5590592849466022,351.02672348903917,2.285669683132452,1.7792669523666451,Low
3,28,3,364.1399408873095,0.3211621526359535,317.3247836567325,2.679913481364368,1.657690304888326,Low
2,18,14,938.5783474895347,0.22011132590475313,365.6877341877981,1.2985197631715168,5.040618594870918,Moderate
9,2,10,457.3135371134725,0.3505205342861618,216.03735136242267,1.6066274192933947,1.2412610259909553,Low
8,1,15,178.38349011619434,0.3725332737595508,295.3677755466249,1.4309501778529614,0.6298535060778808,Low
12,15,22,655.3598645060212,0.06871367772396098,326.0186253723327,1.1676258558703165,3.703523310215931,Moderate
10,5,5,202.45455412894125,0.36957419942677316,365.73058122365785,2.6622736061110808,0.9851066445688238,Low
7,20,13,410.70082852152285,0.4642385197392249,356.69391200985353,2.6818005320099716,1.6589084884862026,Low
9,11,17,556.670744846028,0.7227377522388047,255.41384994267992,1.0074490939246035,0.7232176500338704,Low
4,10,11,886.8002722166582,0.656729484721608,388.1760339118408,1.845209262044094,2.3328269576152167,Low
4,2,10,544.1919223061068,0.7087656552291542,224.86916828617407,2.7807226864375925,0.759152025739216,Low
1,3,12,732.0328894284978,0.008363681876857099,375.02672372423046,2.8861754968240545,5.846797131717918,Moderate
8,23,20,993.5351550991634,0.21766739958053605,394.18804992092373,1.5268771212661427,5.886247704622339,Moderate
12,23,22,218.34020790818346,0.6616842883998565,235.43070464452512,1.3584744158529802,0.3292211616041887,Low
3,12,10,347.25837296756754,0.48398936817974714,344.41321284075707,0.8360829477855773,1.114582578331754,Low
7,20,22,455.11846803788177,0.005313475668345946,208.05710375559968,2.87661561957123,2.0213602599383846,Low
12,5,15,479.64536068494823,0.8044946424318223,281.084565027831,0.4284429134186021,0.4581251426792102,Low
2,5,14,469.91896773899117,0.7728095732903374,303.2566598395348,1.739488728143175,0.6334630425827991,Low
2,6,20,916.8499023008994,0.5484191629935626,316.1290451819268,0.8476508025559166,2.366369683784481,Low
7,9,14,742.6293800201707,0.06646332577627212,387.1874496497119,0.8370248710433899,4.848234326341634,Moderate
6,2,3,647.1146926816334,0.7665150495325846,334.4501374588389,1.2149057621285655,0.9445303348269235,Low
3,21,10,378.43544607650387,0.583713587731364,296.2555902438474,2.9963788074469635,1.0109314516750003,Low
9,12,18,841.4113457991652,0.7819599771579592,361.9350072531779,0.1648989205194662,1.1249338570117768,Low
10,3,14,959.55446033649,0.7517469923958404,390.1065641908818,1.7356254546105943,1.8176170813105141,Low
6,20,3,839.0784542952039,0.8030020719578371,204.41322973645816,0.24771647410583153,0.577097348419224,Low
10,26,20,101.40859467232562,0.5180080664046248,396.50425445120777,0.4635624899715569,0.3379797714734204,Low
10,22,12,672.7612331650663,0.140324518193515,217.22642781273606,1.318688825318696,2.3700255568118918,Low
6,12,21,146.02184329789065,0.6711574733796887,362.8773558537523,1.5313803940393238,0.33488501872164295,Low
1,24,18,331.8464983003497,0.6204737850519706,256.0669505102825,0.776377225093572,0.579234048990254,Low
4,17,1,153.57223031299452,0.7422531871990872,226.43593155077434,0.9493713926232485,0.16356458454346498,Low
10,10,13,643.4159076544489,0.1698810060507353,287.971127942767,0.2609010607677992,2.630360912559201,Low
6,24,3,717.9309221433462,0.19497519990028922,328.7913158895227,0.9096593515327516,3.455192092913028,Moderate
6,27,15,203.0388742593146,0.8904095172193285,276.190369004695,2.8996753181416324,0.13212594186615917,Low
11,14,20,445.45499474048154,0.7499777984520708,210.9130816565398,2.834122145017445,0.5024592467885775,Low
12,23,19,510.61285805998784,0.9082284887003229,319.8922279317433,1.0046348704109551,0.27493352876014315,Low
5,17,13,432.1477195848249,0.7587153211639207,380.48065522213494,1.7125618088362846,0.774453233923331,Low
1,18,14,208.92250043667374,0.5971553059903019,276.6430731894503,2.728786173332833,0.49394478412484877,Low
8,19,2,477.0530111687279,0.6541327370278737,243.2665555261654,0.018551467922690024,0.6702119817782642,Low
5,17,7,776.0602430275763,0.88912792394001,288.5154691865631,2.4320507110127756,0.5143730914939628,Low
12,14,15,163.90689807992993,0.5788067545119405,209.67254220975616,2.845108658366757,0.30988940079409794,Low
12,9,9,172.1620126737131,0.6323913243283874,364.09751689605497,0.2739772030006712,0.39457371236459027,Low
12,8,3,419.2941626523858,0.15647671600360058,365.26816219003734,0.4843430580987631,2.2574476273327186,Low
5,2,17,947.5531404570326,0.4739212201161027,317.6000926859257,2.8822389083140663,3.3991871698314813,Moderate
7,13,1,701.7153820506227,0.716397111958099,270.6205777876779,1.612620430921039,1.0423448939511184,Low
4,25,16,710.8029610053084,0.2709426983163654,359.95667288915666,0.042589903415171104,3.1221631893738038,Moderate
6,7,12,425.72799175407846,0.20225418052453492,310.93740495767344,0.7728959962905875,1.8960549933383346,Low
4,9,3,634.2947120876846,0.31382680822441555,365.18646171000324,1.3498310228065789,3.0066138355275314,Moderate
3,22,10,109.11806562496903,0.24150062799283345,326.2917585166041,2.078726733074303,0.5436606426288849,Low
7,22,6,672.486441768588,0.21491263703639585,356.88109464255945,2.199481134410399,3.8310266346025568,Moderate
8,11,11,921.9582528186131,0.42485084286808694,319.712598643552,2.986264538776368,3.66931071821544,Moderate
4,14,9,651.3161215103372,0.9078385138835341,282.82821364313327,0.8625335981512771,0.30735756728276953,Low
2,4,6,886.3287341197106,0.5070596467387183,391.5891719852275,1.6146603056054256,3.3118841563261325,Moderate
12,26,12,751.5757499194845,0.18792038081532303,308.22276497576894,1.599970643578815,3.636986774431352,Moderate
10,26,6,208.5025747633212,0.07697166938087407,321.01790370810767,1.2169357783417125,1.1549912413373369,Low
3,13,23,912.2079765572576,0.6961561451379252,244.09752788294986,0.5074856815272606,1.1848278675342618,Low
1,2,16,159.7994599201974,0.38279876443638783,325.1301578854553,2.9323696895515274,0.691172116787687,Low
8,23,9,580.5707252929874,0.8218309465853593,314.3215298965888,2.5599515599997584,0.6806098805780809,Low
3,5,9,227.9234114141119,0.6595107686407702,236.96767958940498,1.4949990848827115,0.35232148202483304,Low
12,11,23,110.53594965781366,0.7962414505413685,211.91741947062874,1.8097362680520894,0.09394528596461678,Low
10,6,3,479.83083411487513,0.27194603941844875,320.87186394295423,0.6817831606789869,1.995610891405509,Low
7,18,19,365.53663688874065,0.6923589224610581,352.7384538700641,1.6313612111752407,0.7689663494311878,Low
10,21,3,537.4004444178427,0.2640619846937188,304.68027418440164,2.0849103993644276,2.427033554530097,Low
5,10,21,619.4798980610957,0.9390684794502916,245.35452506392915,1.5455010851597664,0.1782070341571434,Low
10,4,6,139.36516507805263,0.6363742815333744,333.304395338607,2.9708555117548237,0.3651465804535539,Low
5,9,21,210.70296561137107,0.3245118001753421,216.02114532192044,1.8340249687431784,0.6064093797117271,Low
7,6,0,602.7781568053829,0.26951186229227264,288.3667409603909,1.1129211377765071,2.351759057143699,Low
9,2,11,408.8506178553924,0.1909265850716435,232.67335167968403,2.3164560828475143,1.5799150918503666,Low
12,17,23,756.2561387945032,0.6946409588937278,236.8918102119767,0.5113875347449262,0.9583817617368717,Low
5,5,12,687.0624837327457,0.2187156129979273,240.45878983164073,1.1535474411187996,2.3994284620900848,Low
1,25,9,861.0439266909161,0.5953032659274891,277.3414114087956,1.0408768511327575,1.7783696756510787,Low
10,6,14,723.2435440023028,0.26463502692535734,210.23004112407952,1.2954212853233318,2.104909671779644,Low
10,26,12,486.9379696511333,0.6619689447938686,279.5586881858196,2.3453394777861787,0.9467929644769348,Low
1,12,22,705.6699601549891,0.8149397285405392,302.3414894229402,1.4525190964902224,0.7536372350482402,Low
2,23,21,347.8430568298767,0.7780252431446532,296.65885699326503,2.382043350797888,0.4726996892728442,Low
6,21,21,375.6821489003914,0.7608513309307817,276.5568200806081,1.7294667094195977,0.48573558065523154,Low
9,10,20,810.086643928714,0.18772240569225207,367.8293216141505,1.0262083039726662,4.447922734282149,Moderate
8,22,21,501.77756476142395,0.08838494698451871,229.06533848410083,2.4299362310504176,2.1706997461157536,Low
5,21,8,818.5423064665173,0.6989488284873856,301.1393487562748,0.7148690116592747,1.3252096055673104,Low
1,27,8,840.1801363014506,0.3683472137943513,212.40828339131087,0.6731489393993865,2.005227234293273,Low
7,25,14,871.8061038951554,0.4323462264033473,214.23113577558195,1.5135087721645073,2.0344286852368603,Low
5,6,9,924.9717122570866,0.031149092793391064,314.7731699354193,0.7825477378862667,5.069361338392327,Moderate
6,27,23,487.8866984619666,0.2595764492750492,313.2036849775642,0.027261104853648965,1.8908502634269786,Low
7,8,9,386.98013648902497,0.03367640387446402,375.60670256889136,1.9448925818964047,2.796247376321064,Low
3,2,7,623.9788719347025,0.8791857726012476,311.57473513201467,1.5332814644171942,0.4514938516981962,Low
12,12,23,434.0551810938648,0.24339668321853047,391.95820408097006,1.3365534434794837,2.43210731417151,Low
10,13,15,640.9667501202097,0.557337169573008,209.73896967998596,2.900905543854946,1.2795481499557915,Low
3,25,16,735.0272763794421,0.03897932066113041,219.6015369561482,1.713597551888741,3.0283816949886178,Moderate
5,21,4,719.5645166429232,0.6668473913056581,208.81317231407627,2.5902947333681534,1.050401891687577,Low
6,7,3,437.0975983181092,0.32302734575409386,237.055370066708,0.4183507086154805,1.217999378393533,Low
9,10,17,250.17418152887754,0.8979191869576658,308.2540221883356,1.7076193893882832,0.15360760045658023,Low
12,13,23,487.4764046159868,0.8881181889340358,329.11443628548557,2.603938880192709,0.37706398919001743,Low
5,17,18,228.33472967371787,0.3252906183617478,209.11703158973376,1.7493172718396939,0.6308694659251477,Low
1,26,3,901.0873316654275,0.9009608956904679,389.1941779691199,2.154042534381005,0.7035734206503241,Low
4,21,6,411.28971466407165,0.9961576734987788,368.43307533007624,1.1161307034366221,0.01078706065110324,Low
5,28,9,239.0137725009914,0.8254156641239481,259.32249643141864,0.2773485511111998,0.18535240731481095,Low
12,26,17,122.90298391517578,0.844871347755229,215.4375060452936,1.3737008853812143,0.0778621356522251,Low
10,14,18,681.2401476578358,0.2490087361090899,233.97741464381147,1.1834381725165726,2.2311724976161678,Low
10,2,3,673.2120857092689,0.5767023988577563,225.38888275099453,2.601180547136842,1.3489323988690571,Low
5,28,9,406.5437499231625,0.06725591396736785,224.65675585978937,0.7319859070574167,1.5237654403812593,Low
7,22,0,164.54069996288592,0.09491793682166971,303.7123377331468,2.9002026826053244,0.9724538873541323,Low
4,11,22,468.6660054057088,0.9988926120332906,249.16948849868007,2.8744143594134886,0.0027748169973804354,Low
1,1,17,380.0957455570542,0.32663924942591094,271.6279433058289,0.7428949292143161,1.2447591570412304,Low
5,19,4,709.4085757615085,0.7481839120488464,397.9010666768645,1.0441558664319615,1.3083872011586188,Low
7,21,14,645.2013245074213,0.8066650530268165,336.862849785069,2.6866672226216552,0.8884950858766115,Low
10,4,16,428.134355377786,0.8580232710072292,389.7961334094003,2.8998666626883223,0.5094114975634527,Low
10,19,2,296.1032988294911,0.9976282974021565,228.51131100662312,1.3303173085081321,0.003030414247863487,Low
6,26,11,989.2323695400327,0.24149648525686784,276.42789496651386,0.9629911369226934,3.78979392763081,Moderate
5,21,1,508.6014590765034,0.04035082685969971,310.94636065647086,1.578282039754626,2.928656573371807,Extreme
4,11,0,719.4468122022133,0.411191517994586,215.3516123777476,2.0633076190972046,1.8341549836037863,Low
2,8,22,226.49767082052472,0.13008066982894695,200.83748872559158,0.8204235461249394,0.7136421850610698,Low
4,11,20,537.0307296934579,0.022425889162055124,334.0868667593835,2.2094195238572185,3.5690447943228936,Moderate
10,4,16,124.78304788251894,0.3604268271414861,328.36390336028705,0.1549720713439231,0.44353584182999384,Low
10,17,21,554.909606119405,0.7837382510752364,282.15776199992234,0.14788347829324933,0.5726881242230684,Low
3,27,15,967.6156664059321,0.5661806912250709,297.9288152064065,1.1588631154366356,2.3259103895805886,Low
10,7,4,445.7860416872202,0.31277798921035405,283.0886001184179,1.0604195761821618,1.598697366018178,Low
1,8,14,135.09641131742043,0.6543420054927197,204.80100896897778,0.9468996461014568,0.17448672720354166,Low
8,3,2,127.86021182740917,0.23201818030881072,267.0743212434925,1.4730592880067301,0.5014717582407711,Low
5,22,6,449.1880839521825,0.014381446072085025,235.41645107945797,0.9622007469347137,1.904234398295296,Low
4,2,10,244.02244281687464,0.7643533864364274,219.68483782027374,0.5767737554042758,0.22268605491425564,Low
8,23,9,121.01688669536732,0.6237430848640091,391.34408677786996,0.9284086472658027,0.324559942941844,Low
7,15,8,780.5922525551591,0.76230262450096,319.87194500843316,2.924712818430705,1.2784814347539883,Low
2,24,13,512.6707079937016,0.03893801668766561,345.73125684732054,1.2333402509845457,3.189232716883137,Moderate
1,22,12,360.3202947753891,0.8371196278306522,263.07274865322347,1.3341383305750072,0.29165578693773336,Low
12,22,1,910.0748647148326,0.6195262000363033,278.62942589880305,1.7296349698534201,1.8860886533333026,Low
11,5,2,204.52506418047307,0.5633953507126401,247.3847987793447,2.9500223052426797,0.4767900344543461,Low
4,24,6,960.3269460597872,0.6246140481145316,219.39313419308496,0.724803829307289,1.413703294515372,Low
8,1,20,382.57004563961755,0.8644332468683641,235.80632748831675,2.0438463315973014,0.24548986510213058,Low
12,26,17,899.5633050778131,0.5869365065589071,359.5028090592972,2.1479540806251722,2.7045980125210307,Low
2,4,2,642.6485888315154,0.5809503798881793,335.50916103675513,1.8219732503791977,1.7802545912650571,Low
3,15,9,844.0366237673387,0.9906791570657658,309.38577519709537,0.26573501890993223,0.04164430542016862,Low
12,20,21,985.6118468894178,0.756730167068568,295.0179745733536,2.0306168274827296,1.418336545899871,Low
1,19,6,359.5648940368711,0.4422938054511353,384.48685673122486,0.19228413310852643,1.3097382817945367,Low
1,3,8,965.0219368668337,0.7073970000329277,214.5469895557337,1.7884279486496908,1.1902632600694576,Low
3,20,16,450.53370541217834,0.3892304716917885,256.1201626475832,2.218743531665228,1.4352373127694693,Low
11,11,10,446.9607142632301,0.228875462483499,269.9875707141428,0.6329096718598513,1.64906783353926,Low
5,17,6,406.3483938290551,0.5968518768877594,356.48516244255757,2.524866022628322,1.2190639448406413,Low
12,27,23,587.2668466128266,0.9281820981139515,398.5029240323943,0.09106141659901279,0.2826736383029308,Low
3,13,13,238.73053886063838,0.9291395200154627,248.1341029514306,2.5314385909749184,0.08766943439922037,Low
1,11,18,598.34033682221,0.3419052781054903,374.8614668274161,1.3809871519282952,2.7998590721238243,Low
1,2,3,587.5343311690036,0.527677466221695,366.1245520863582,0.6527638197949335,1.8038973298098007,Low
8,9,5,785.711631344383,0.2116358985698612,244.93147952835332,0.401334434981904,2.630101073633683,Low
10,26,9,850.284965743827,0.9956311094988834,279.8665160398445,2.8599215027471176,0.02228300044241167,Low
11,2,6,496.3972152811816,0.9811179078679357,281.9345738585038,0.21799676274347013,0.045003086056924185,Low
12,21,12,372.0999244163444,0.6495089297074473,395.6441337053117,0.597280259807777,0.9113484091030524,Low
12,9,13,333.401407585385,0.8044140596774734,236.17838027577966,1.043467042299138,0.2834649653936636,Low
2,9,3,275.16145303438475,0.7151001612837,359.8315942209564,1.8607045468833614,0.5576199815986664,Low
3,8,7,151.8828239791224,0.5931582190394682,266.838542834622,1.6344032558282953,0.3197242909106352,Low
2,17,4,408.203180951242,0.053347996988897695,346.1740691552321,0.37693047723694195,2.3135502278258406,Low
3,1,0,343.2229229177049,0.45476434255266107,284.0022008591326,0.8691839512146439,0.9627819280774906,Low
7,25,3,969.7756472797666,0.6747863021674105,315.671952623308,0.7162553132580722,1.7781479848817703,Low
1,11,2,601.9379436250395,0.6775316138836847,366.5223546652262,0.6406285634710241,1.261697856640633,Low
10,8,8,412.5493351274568,0.3731226184223836,360.83311299677683,1.233433009439961,1.7471336417125858,Low
8,10,7,622.4208408943264,0.9416919866580306,373.28463670794,2.1120943577749705,0.2734767950091604,Low
10,25,0,225.27703121112597,0.167357032236781,211.92346506893182,0.6523587966517078,0.70574744521979,Low
10,7,5,499.6393742819826,0.5003594462155606,338.410110607949,1.1000366391089442,1.5628986954151591,Low
10,3,8,663.6108892789574,0.6908839765508228,227.99747534435258,1.1727522805234867,0.870911407496976,Low
2,3,6,540.0080486132063,0.6971358058918092,283.1637136036822,2.9293695883062307,0.9979570810206849,Low
3,18,3,461.6009205888918,0.6486389567688156,309.71768301093766,2.8639990706372065,1.0769883996387515,Low
9,5,12,994.4635500097284,0.27528821345186016,280.54789694936613,2.400412748256228,4.178747235095979,Moderate
7,12,16,892.2832859340343,0.15620656868662197,303.9223351606015,0.7249767624575555,4.090219596059123,Moderate
4,12,1,661.0653623434961,0.6359403268267109,399.30526175972386,0.20411194227500906,1.6343534118841931,Low
10,19,4,612.4396250640544,0.5993021161394377,227.04346274257094,0.9507124131618743,1.0169051714091801,Low
5,6,11,658.5944318421257,0.17935601028924097,335.09120906728515,0.8003836483014926,3.260046648574831,Moderate
2,2,20,281.18089704018996,0.7051391455705633,279.20019327712305,1.5177774004391815,0.4443611446612755,Low
11,12,7,455.62396893788673,0.4551719917336564,226.60195978146575,2.333183730203379,1.1562549390268304,Low
8,19,5,135.5135796018094,0.6677605916031529,231.7473526748619,2.574968816636574,0.21867765611001153,Low
4,5,7,527.991433738144,0.8373670797701507,389.8546212491234,2.5345922562315257,0.6993538726544869,Low
9,12,17,588.7221255618969,0.16972842857692316,375.9202993423524,1.0790266836692033,3.3929437648252696,Moderate
5,27,2,304.97476249288866,0.01914486799683668,381.4083920830044,2.0617030303820485,2.2935932203653526,Low
9,27,21,967.6259624489624,0.7791025863957868,398.30655516547733,0.9385025925726601,1.5521090134310833,Low
4,17,11,918.5091498435178,0.6096974251526159,241.66307800170358,0.18271662970554814,1.4703056081172503,Low
10,17,2,749.9289119103153,0.6996395696221217,271.0878674728124,2.104695796808827,1.2319001996905978,Low
5,10,21,580.0479658888263,0.8381549749886426,333.8438059849733,0.029482657709363536,0.5238824700471909,Low
9,25,5,882.9722436829164,0.8028109348245005,296.76050797212946,1.2275477623754658,0.9668734759639468,Low
8,23,1,217.58710944111664,0.9609201469288247,283.6779066756667,0.9881378079062272,0.04417580229365331,Low
3,17,22,811.4588148473965,0.5359350788521182,271.5622498671186,2.080132615556557,2.0588991448075387,Low
1,15,11,212.33873257016347,0.48849563265990537,318.75612638869046,2.2987364182811367,0.7096535032808802,Low
3,12,1,814.7895962944649,0.4018871998907301,315.11868572801643,0.9122839079138515,2.792975554336941,Low
4,16,5,348.1908114262212,0.15369104284420454,232.29156681284803,2.4348810433345607,1.418633043561548,Low
2,24,16,889.38152291637,0.5726072328820224,294.3479675036878,0.8817502815148013,2.029195156969837,Low
1,19,2,949.6378844428581,0.2770125243259788,310.69435524196996,1.3389790799596837,4.031297716542242,Moderate
7,8,1,233.91637246460408,0.9213075122129755,314.0573877462781,2.181055581042402,0.11736445439748391,Low
8,21,22,516.4080445588542,0.5831908042770976,242.02143858247035,2.078760687674366,1.0487096285971622,Low
7,17,19,982.8886403464167,0.5928401805081102,348.45427845045737,2.9621054169366,3.0125851360942986,Moderate
5,23,7,535.066692375832,0.35492466087701,205.03981896421394,0.6754830726477956,1.259194598865082,Low
12,5,21,877.1927702630907,0.05198935197770749,270.96637110863253,1.986953740618747,4.501748546514171,Moderate
1,22,11,629.8583699181879,0.03174376537298862,356.04252970712673,1.8290457248273322,4.28088484172576,Moderate
7,16,3,437.7969171276417,0.4233351441531975,312.77858421108044,2.7452953634700896,1.677381493660583,Low
7,6,4,357.2051999732832,0.08456537809723785,252.23248650217204,0.46908642493462516,1.439142046150934,Low
9,8,12,282.9007819774786,0.6068469555401391,338.99062386860953,2.255394490760799,0.7701219861460716,Low
3,25,14,785.6183722399275,0.8809730056396574,313.47818883121465,1.7048058488063051,0.5718437661058897,Low
9,18,22,447.8864561407251,0.8829148165187222,359.24872189127746,0.8239976093637162,0.3398611633246474,Low
1,25,15,560.1479159806761,0.6590454101322324,347.00503723796464,1.4233047424415224,1.2617565191357425,Low
1,12,9,543.0929320010637,0.211231831472931,322.0215844072469,1.0013297912093932,2.529312222563582,Low
4,15,22,619.5511263098181,0.8629968313588721,297.63553506216283,1.7379402083653828,0.4942346456904409,Low
9,27,15,879.019431062097,0.8860934353132082,226.63642513350467,2.6670018324439977,0.47907060465984475,Low
6,26,11,982.6654092250865,0.1966535849529587,252.26660357707675,1.707914953236606,3.885944534167358,Moderate
11,9,16,466.82578771643523,0.7374260857706773,283.81989458341707,1.8951672549797522,0.6897132257188814,Low
3,13,15,844.7670298956727,0.28651954892712295,319.85985740127774,1.5562435413441285,3.7131646607914304,Moderate
1,26,11,788.0750151892458,0.8026403123529297,302.74157104306096,0.15349651933642772,0.7968240660563474,Low
4,15,7,616.176056310016,0.9972378999036027,257.6369051919059,0.6985756706282827,0.007818564393078889,Low
12,10,19,960.4424292507398,0.030026005329392813,201.2928715579421,1.4760051882962482,3.586735153211124,Moderate
9,16,2,280.42706397556253,0.8973658657909319,299.2478443801628,0.9307058512341143,0.15690606674992574,Low
3,7,15,198.33778927865927,0.622630533598658,257.1251977124486,0.5452907932835827,0.3382393837587622,Low
12,17,12,868.56577025988,0.9733826191648212,346.92166014210704,1.512398525755315,0.15389127905018107,Low
9,23,22,495.23483497037347,0.4650095175264276,204.7892530540967,0.968429380343551,0.9918764898616388,Low
7,26,18,862.2719687863545,0.8473879305713737,316.9655622611582,0.7743229295202442,0.7490037062827292,Low
12,21,7,903.7811846758734,0.06239406859827723,388.2948475012131,1.3919562523211424,6.24729951167806,High
4,22,21,156.2118342571643,0.3352790500782957,234.8818534222999,0.39985277424651944,0.42274521894118855,Low
3,26,4,895.1182866874547,0.06701653775120997,294.3298981501191,2.783237199226222,5.2369490963599645,Moderate
10,7,19,503.48714983248,0.9753431334790705,218.28439836342764,2.603106293757717,0.05692136678809047,Low
5,14,7,559.389240103809,0.8169739072718367,325.13638245227054,2.1228617572216057,0.6725840879747796,Low
5,15,23,663.9332599838892,0.8525474212459705,310.1063361192451,0.31864148276536863,0.5221060315296523,Low
3,21,11,933.7443460570781,0.9379652314338942,281.4731048425665,2.3276317634090793,0.33498738911249776,Low
12,7,0,117.20448498678763,0.08510348611978535,304.2754042947482,2.423871984327057,0.6755986439001637,Low
9,9,20,529.1591214860354,0.38559759251333336,379.314931693802,2.303293853143013,2.528769711186945,Low
4,19,19,718.9498381875046,0.07103488904400213,239.25886046221342,0.3418976613577235,2.75432389165154,Low
11,16,5,750.4362619284057,0.21079310155002862,204.51290234106943,1.9317238712032943,2.408670202757163,Low
5,8,21,723.2791883833971,0.22936577703767236,372.3329769398202,2.5029743872481958,4.3246190229033745,Moderate
4,18,17,220.99161646730965,0.4691072110475787,315.4234164775813,1.7320602036590032,0.7236017175042975,Low
5,27,7,369.4560295345131,0.2685621674536426,378.13169109236844,1.939222125684267,2.0333307908763953,Low
7,23,6,422.8439728753121,0.10097810681776109,319.3890446826345,1.3750904382789186,2.301834186004995,Low
9,18,0,823.9934869115544,0.1674910890941077,362.03221799194046,1.5861219596521579,4.79564178966786,Moderate
7,20,20,350.8838851730977,0.14727556355209093,285.9346726710296,0.10313057505517564,1.4406008570414253,Low
5,7,15,289.63446748048284,0.9730767979122983,349.9719862576537,1.9168890659198539,0.054202820072268273,Low
10,3,11,961.7032171342865,0.7592925069184736,382.6082933779712,0.24434163867347758,1.5122300407142644,Low
10,18,5,107.97695660212202,0.967761465269562,314.42459274444127,1.30504378302067,0.02062262203845909,Low
7,27,19,998.0387701137804,0.43974048650790853,236.15703011247592,0.8779652930022235,2.3940540389415843,Low
10,10,1,709.1391689716561,0.2783684816626566,253.75952300603964,1.6362838506351394,2.518444433529323,Low
5,7,13,845.6223695042054,0.7982931972091867,239.72891537948115,0.40024900656962126,0.7087774894967891,Low
3,17,3,365.15745671157384,0.3262539180411468,249.37140551914658,2.0749302059199546,1.2346858134129959,Low
7,14,0,112.88374990035398,0.2993833737053483,261.2830898702073,2.3850346107854112,0.42654921268571944,Low
11,24,22,764.0825667053771,0.2325059922078312,311.0267573506377,0.4900633492294695,3.1888926348539313,Moderate
11,3,17,850.7301373006082,0.12967897822423535,317.5983258927665,0.3129392620556465,4.041854781242309,Moderate
2,12,12,766.4285187581672,0.25646306101676597,285.2999494483722,0.43654644836207745,2.828013382391758,Low
12,28,1,228.56525857075474,0.3553197484738877,323.08415596416705,2.631382685695505,1.0022357479912882,Low
9,13,8,778.0851300312722,0.6739942081457304,216.31498512227319,1.5845677852690685,1.0594186700863997,Low
10,2,20,792.0305038968769,0.06256484221945158,217.557647411632,1.4017829880225077,3.0695804466843746,Moderate
10,3,1,692.6864641030494,0.21050693966534295,234.36589207153168,0.32013545730706283,2.2045176138506046,Low
12,5,8,789.5043395160276,0.8090236402916764,303.61549960806894,1.9486680202708855,0.9116461775798951,Low
1,11,0,861.329295709959,0.14692192358377076,242.7989357396627,2.6039987756852696,3.747674644752496,Moderate
6,8,10,652.2437028137126,0.34264514652252154,256.65688069851547,2.484557607970359,2.2897316522362035,Low
7,26,2,179.74424257271116,0.8646589218581401,280.0625672345988,1.8781641269424039,0.1348769563630314,Low
8,23,19,538.8650287004898,0.15492531114344266,362.3732248020759,0.22583614995502088,2.8124109097960783,Low
10,23,22,169.88440120444454,0.0827368356181899,202.77242718257202,0.3371910815280389,0.544386880910199,Low
9,12,3,466.78872792918776,0.48453799508001083,329.8757640473245,0.14792696132947403,1.3424357532517872,Low
2,7,17,466.39584021306484,0.3024195112785364,333.77530620813707,0.7724376494774079,1.949691664270129,Low
11,15,22,159.40885972621743,0.5634083644838541,359.7311560713273,0.40698440148113324,0.43424974574359965,Low
10,24,5,413.9384805725314,0.8038048904834751,386.55058781206264,0.7801441207573017,0.5640318563737522,Low
2,17,2,199.89828891218335,0.13714848815274316,204.02756978985798,1.155174167156885,0.6542731568460431,Low
5,4,21,827.4116890083,0.580699084554285,230.75674110264325,2.828948352213407,1.7117552393379873,Low
5,22,10,952.9192233680237,0.5055087603898639,377.23425881119863,1.8311281793450762,3.505102527364796,Moderate
6,25,14,165.08482773214473,0.14407878601319957,291.70371243740306,2.504921357048887,0.8590384877839757,Low
3,13,21,959.6036865625313,0.6239984855289824,312.9181277866927,2.1310545021369967,2.2827561876268034,Low
8,18,4,570.3189394030707,0.27364041786077165,332.6054407446295,0.33750939157989523,2.373905791794379,Low
1,1,19,369.6091101584865,0.4878343185440125,335.81332089912746,2.2077612191218465,1.2934088756169848,Low
6,16,9,169.17586774854715,0.08227232427706188,386.34808066330163,0.8252966446773733,1.0822299694992674,Low
4,13,11,550.561841263376,0.45958405721362305,399.38988348233397,1.917323540984119,2.360254313835589,Low
1,10,14,815.0639900416738,0.3064634680428203,344.0314921861881,1.0228859209289656,3.5727556127688294,Moderate
7,12,16,736.3778295400283,0.8223812111853543,257.44424184103013,2.9930167897939777,0.7291746143867328,Low
9,2,9,145.20341031757638,0.05697872699736828,375.9504804588687,0.7906544384903335,0.925817711785992,Low
4,23,5,165.61165183111316,0.41860727491832994,209.84418290815233,0.837391412322809,0.3649479473649967,Low
4,3,17,462.5859543693734,0.458431424131438,246.21617057489925,2.792016766687195,1.3150741492056612,Low
6,10,12,365.76144464314893,0.7250060762991187,379.477143492743,0.07393321390896801,0.6408471562591569,Low
12,2,2,309.1458907504431,0.574287575090211,251.238302887871,2.0900669636195905,0.6662590341161562,Low
3,27,23,352.9040490178422,0.667212337194181,244.13021192434968,2.1759791722076343,0.5818325760160998,Low
12,23,9,823.1344689671962,0.7770492856517561,227.62505862804946,2.509135732231198,0.8709150222042716,Low
6,13,13,936.3052482686685,0.8622029736581888,371.8223515293833,2.923317931915426,1.0332741745205745,Low
7,13,5,464.5924250748098,0.3138754967224705,300.01165183821735,2.9268057574699573,2.0604076265527542,Low
11,18,2,915.4999019192473,0.538022705363903,334.97864061083095,0.19583027269939168,2.407506099439664,Low
10,3,15,389.34613112309376,0.8401080784391999,247.81327681500593,2.4655179682587076,0.32051328430642323,Low
10,27,6,528.7932877094124,0.9894511309650564,351.6080842022433,1.938929800972144,0.03902696998530934,Low
3,7,19,303.42609803439973,0.8895193110437631,352.0011089924197,1.9420264031192735,0.234860572111992,Low
7,14,13,676.4284379582596,0.3714672626243768,262.51960498166,0.3850497798440844,1.9318296837403666,Low
3,20,8,981.083003657328,0.19516651721865041,282.13652660205656,1.95056149933696,4.43719141341665,Moderate
2,17,14,643.1437864390408,0.4893925374065887,241.93805548604018,2.9474477418037432,1.7144796640118862,Low
12,21,20,422.03267570219396,0.7416414518360422,395.31220466458086,2.735455708618341,0.9148973609300346,Low
10,12,2,683.0357013914755,0.4925690707532976,329.12051541168233,1.3173919824145517,2.1516439245220753,Low
4,25,1,210.62861061884882,0.4831808633136685,386.90877614310307,0.11984391985828302,0.7103740594692023,Low
12,16,1,899.7931722388588,0.8382304210818006,260.67710872582666,1.0868804700006145,0.7011332427535489,Low
8,24,2,552.7755557018527,0.36140377906718635,356.37818259937796,2.4791709348016657,2.6165001617722554,Low
9,12,17,504.4147678356779,0.8597946748116456,353.1717287769484,2.104497304395498,0.503887681056501,Low
7,15,13,627.2783096081673,0.40680480095172356,338.33113037330827,1.378030966781869,2.387347937867935,Low
1,25,19,662.3054765104622,0.3282331056783394,393.12779505336005,0.16530460547649328,2.9633287912650226,Extreme
3,10,17,164.59822560386172,0.453989911199699,278.7110672212631,1.2806841834699079,0.47093852711509016,Low
12,25,9,714.3554991010622,0.7624469586748684,226.14346471795147,1.4070748191536504,0.7295953688031975,Low
9,7,1,317.73851228397666,0.12600202786399428,334.3417718488122,2.7856665986824076,1.9785318577228217,Low
12,20,21,742.5573692559308,0.19641921587201738,345.86196009544125,1.9232583107464785,4.101153799425524,Moderate
1,5,0,840.281314945777,0.951444825663092,315.0121146917629,0.9349587499639467,0.23423585758214094,Low
9,1,3,823.5626567972682,0.17549162738135737,241.36357862667927,1.5759547933521643,3.1620521204379246,Moderate
8,17,13,597.2508706671002,0.5677273179310546,300.89118833387107,0.1981659234664802,1.3203676492322165,Low
1,3,0,568.152903079676,0.5793144666619379,262.4379473138259,2.9177047069492104,1.350465650095149,Low
6,13,13,228.58836520547055,0.4896244620502448,285.4933056333378,1.080179705792178,0.6150854521529974,Low
5,14,15,797.811535362822,0.6447452485768186,329.04371516893275,1.4336020647394074,1.7771563152842107,Low
6,24,21,344.2684424020429,0.22982672579761843,349.0429485381669,1.0658519227107677,1.7068609061499715,Low
10,18,13,547.0258805361518,0.5526622677767482,246.44493818026862,2.0475351903486003,1.210905526368184,Low
12,4,19,355.84668363476504,0.37217325524689715,281.06507212939067,1.9866964749887792,1.2544630455495511,Low
5,18,2,220.4455266997238,0.661667259629189,253.83231419832583,2.145966931587407,0.38324197550178596,Low
6,5,2,666.6019272025629,0.14122354337314946,239.7263227723738,0.8044296888357625,2.471229135205121,Low
5,25,8,148.89883134061344,0.5708774168394762,356.6774439991677,0.947005443492198,0.4158075675020233,Low
11,16,5,773.78071071358,0.1852703553833237,381.85053888739844,0.37575369328862385,4.162873644776047,Moderate
12,1,12,385.828115735005,0.2786430631150364,274.04643713691536,1.9665299155383378,1.5211961766396342,Low
5,21,20,100.1212237040368,0.21870980032358323,350.2557848747534,0.11939138200695765,0.46209044180541947,Low
4,14,1,560.0162253135068,0.1828377798688171,379.3990578728822,1.7930470065703772,3.412557022538581,Moderate
3,15,7,142.1667176748428,0.825710951560667,369.2248421060463,2.6090876545549015,0.19226107323404928,Low
3,9,20,348.5526020388095,0.28570756766089034,236.56267770784518,2.6724964448689006,1.2439460152891835,Low
4,15,1,736.2788387101446,0.9271237818644493,391.2583763026723,1.347113281109885,0.3970323865156643,Low
9,17,3,156.42065945967929,0.9699265253451909,275.3352880858925,1.3779110646392212,0.02456127352923023,Low
2,25,14,855.404643120402,0.5712604699370973,267.84813223476726,0.23090754902405208,1.6750071413103114,Low
9,24,3,103.4379303927248,0.1430011226657264,212.48626545555607,2.0122950763291074,0.3771079435715268,Low
1,4,12,322.141482281712,0.37454824337958126,297.2347308209766,2.4637782611185366,1.2440518652792072,Low
1,12,11,766.8136505368643,0.797732263348214,221.80272312818573,0.7339651638141391,0.6154492618074112,Low
5,27,12,384.6431347563761,0.36739072869707046,249.7079641854852,1.263902644900094,1.1406793241562216,Low
6,26,13,191.70314925941216,0.08701721830278875,263.38852435345626,2.516518010295811,0.9616586932006306,Low
6,5,19,424.21052692038506,0.5567849109281879,361.7652646983368,2.631361402986864,1.4319298907603197,Low
3,5,17,343.353957746073,0.8451208514960348,375.0977300791793,0.7295399407926778,0.35670508170468196,Low
7,11,5,858.4407119444994,0.7959263871435024,260.4932634922939,1.6517119036240926,0.8862008114976906,Low
9,28,10,382.0131258266288,0.17512314013035324,371.73962424891477,0.5774794519074812,2.0650815258118635,Low
11,6,1,810.0392245984065,0.6727646144124667,371.4461874739582,0.30563629241866963,1.6911641946676192,Low
12,7,22,902.6849303296613,0.2205042634356471,352.93019007697467,2.7333615041758725,5.270242090043865,Moderate
10,24,18,490.4356776188766,0.21820753455217223,229.3390228030363,2.4615225126963276,1.8262967677144806,Low
8,14,18,918.9488294689528,0.8740717733051852,338.0645693801458,2.2801047054095216,0.800690901055229,Low
6,24,4,439.58624856687356,0.24966895274023015,389.0048129161138,0.14629895643942126,2.1697434893456142,Low
12,11,18,967.6705748410974,0.2632473465180112,336.5080957534314,2.5311863781307724,5.01055345512224,Moderate
8,13,1,180.36057207301565,0.0006533907612995549,266.32336982156676,1.3141322277161511,0.9051843243399322,Low
12,2,9,718.3173398529185,0.8706690341255177,300.1158634861663,1.027185369887579,0.5124143080913653,Low
5,25,1,544.4326364112358,0.7925948132091347,329.1450086702107,1.6394290830761293,0.720993693937805,Low
8,7,10,448.8839249100823,0.627328935090678,302.11408174570073,0.2740597281706675,0.865409247699,Low
10,20,17,669.4406908737408,0.7502657639388423,223.99058834619396,2.2699396480571963,0.765792550446308,Low
12,4,23,733.4713824708981,0.1520485674244918,262.41280893040414,1.7473052306648875,3.1954070198397666,Moderate
4,27,14,103.92694268527818,0.45832359458757543,360.4792061107265,0.5597702906195026,0.35715070254965353,Low
10,8,8,250.25777987247884,0.3512193873487809,372.2836092191035,0.5646965993071368,1.064302655078515,Low
8,20,22,741.7414455708869,0.09377652625701649,227.46000654311405,0.5527459547180227,2.6891011214901965,Low
10,22,18,699.7468722203859,0.4861304852149241,390.4773504797449,0.17100716265580196,2.3801393120019556,Low
12,21,8,969.4427546158095,0.9207396503426354,265.76452356972186,1.7633953481150544,0.4003654598369577,Low
2,19,2,784.9340112257047,0.04005911905069448,332.46274774614403,2.5210445327655244,5.2276913045339235,Moderate
12,13,20,955.6954369582043,0.2914609134937939,350.36502919133625,0.0524946419621658,3.9749043003513367,Moderate
12,14,8,732.2864513813263,0.20754093620570346,362.38924692757666,0.14701393491382064,3.556478150562707,Moderate
5,10,13,368.24698777549884,0.23814665366569632,389.149940445186,1.7183108300608374,2.132265666470373,Low
9,11,18,194.82843002577084,0.9084345518793753,262.5839096057645,2.458487056158157,0.09726713439840202,Low
4,2,6,803.641477010442,0.4680690542342901,371.7012909103109,0.9802166717059008,2.9078455077690686,Extreme
11,25,15,679.7342993283244,0.4662994129398188,226.33738068724142,1.0488431964231664,1.512024091330125,Low
6,26,15,143.3674111539666,0.7605756424552823,341.0081812707185,1.789039492490328,0.22999094857297392,Low
1,9,0,424.0454193108805,0.1544922040049258,348.39554590279715,0.822638667372441,2.2531208954877444,Low
9,17,3,961.1198339358575,0.4872653541000508,335.5446482402641,0.0798250982330524,2.7779361930899187,Low
1,26,3,550.361031139181,0.4299852141210597,250.4629472270306,2.205685554304788,1.5984100830809194,Low
5,3,6,489.4562224177342,0.5969106905466561,374.6086294030407,1.8769497388243592,1.4630075922068861,Low
4,24,7,511.92964464336455,0.9995577032504386,233.771692674079,1.7422679971669774,0.0010358972645733004,Low
12,6,16,287.99445160464734,0.7694488940820471,210.72695830416617,2.2250523869754693,0.28508272907414706,Low
3,5,4,431.8364537783157,0.3978657030174272,343.49299812238246,2.0256925126861125,1.7901499021479688,Low
6,5,6,432.83193038845894,0.827553052274047,295.09514304654675,0.6176459645349635,0.3897748873216369,Low
2,22,19,147.11951816872516,0.17070836331248018,369.8196039917352,1.0574431408300535,0.8315166946636556,Low
3,15,19,790.8108656661265,0.030463686308960125,276.6794282116518,0.378330425035875,3.669355761208763,Moderate
5,23,3,474.8539887134911,0.20444837246427305,233.65571770154256,0.3895710402536431,1.528450007744075,Low
9,17,5,839.961898134781,0.34041155611425966,367.28843849397396,2.028587239069618,4.079465401709422,Moderate
2,9,6,865.3132010079058,0.5105807574595599,309.7819263280143,2.5758003209474944,2.7497602427561834,Low
10,3,17,290.79464922879225,0.6151291405411998,237.83915847807097,2.888197751583417,0.5717757615560175,Low
8,20,4,691.6181339531157,0.9106057172144217,344.0767997172892,1.8850413526483332,0.4213868251476898,Low
2,26,19,525.0536237466836,0.5098540095504577,302.2227276979001,0.5523039700828709,1.3678934755780698,Low
11,17,2,892.1410641293365,0.5012756446257294,320.862596448064,0.3169510363467921,2.4547842042041816,Low
5,27,6,294.1666112588087,0.05024300982298213,292.17966764131637,2.4385529146102733,1.692288778011986,Low
7,10,21,710.0318802790398,0.03491155265622381,365.7417967636013,1.7362694290799978,4.902283020921991,Moderate
8,3,13,646.9769100274503,0.5511599619163721,365.91254313661,1.8548550630411595,2.099436131542201,Low
1,18,6,365.7713298146495,0.4381786132483445,341.87776436487724,2.3443862662641277,1.4454299068093777,Low
6,18,4,222.94081328605535,0.8391803949802986,221.08027547929245,2.109831683197355,0.15997990175933008,Low
1,17,21,686.4757844295489,0.16067958471184518,367.7707723808138,2.50337475856829,4.415767702229417,Moderate
2,24,4,764.7377123190976,0.024971662117049598,334.20259610658195,0.16864171637963543,4.223293461306181,Moderate
1,3,22,384.064609387015,0.44903876793012587,339.4048332008599,2.2425619102395142,1.4654277524192116,Low
11,3,1,680.3493436200824,0.23747855675225749,272.5965680807743,2.5525582719662863,2.9585942643754706,Extreme
5,6,20,455.61781685035294,0.04961437333883745,375.85591123140136,0.858405127374943,2.9453488065441844,Extreme
10,13,21,741.8861949543559,0.724598286847629,345.0743200469715,1.9213418219797584,1.4008462069225336,Low
9,24,5,279.2937474046478,0.11159299995724747,222.5180933058389,0.9424861915109163,1.0069392547460918,Low
6,15,14,901.193502372557,0.6083195000077717,281.5556068812325,2.873913199447362,2.132423740055232,Low
11,25,20,358.66863681902174,0.28104975016688916,377.27607239202837,0.10027071730651127,1.6376959209778532,Low
11,9,9,431.0073889805376,0.17349605035502202,209.4393403394758,1.7393785314988652,1.4597610327421249,Low
1,4,22,152.2827568723148,0.37975152291931746,392.2833239284099,0.49951064114854526,0.6483866903092461,Low
1,14,23,200.36099108914874,0.8014457762229537,335.83251366391255,2.136660615531476,0.270248317469482,Low
2,5,6,564.2757124410953,0.3920935769045727,326.27519552867534,0.5276708502559863,1.963781644250148,Low
9,2,4,340.83340905517434,0.7507696492110557,254.11185129759826,0.7061497856950727,0.38516788794751755,Low
3,11,0,851.932203167975,0.1254862967991507,249.75835774783542,1.4831124331372743,3.5612302259881417,Moderate
1,9,12,113.22404978945846,0.7727714196650791,388.4116438977191,2.7445048499906344,0.21225874744807385,Low
5,24,20,441.18464380474256,0.23693332490664865,259.65449084682456,0.6351431164439125,1.5494258649052892,Low
7,3,17,403.6109920921834,0.6773931298888728,355.1010593437999,0.43272006335431057,0.8039607913460546,Low
6,27,12,117.39486782584093,0.5657815548409963,278.6243596414158,2.276930495562092,0.29061298092834054,Low
12,28,20,211.9315591004592,0.9291447172116873,227.8508141569408,1.5018585970017928,0.06558963698179782,Low
1,9,20,472.27840742677176,0.38732251797531403,202.1430595390718,2.735355337145314,1.2415055352776923,Low
5,3,17,543.578126002702,0.06616518883444045,308.85146740305015,0.43984367147952685,2.7278748741595695,Low
5,25,4,463.8607725293822,0.019155485551252904,395.1557637097865,1.9377836790691179,3.5770794798183676,Moderate
6,2,12,577.8439105708844,0.8268585609727531,273.82723876184093,0.6986374384554451,0.48850097012768184,Low
3,12,3,635.6185074151134,0.5247356376614322,271.43846679860894,0.4702812859549179,1.430903271241101,Low
5,10,16,108.93143901505206,0.7752440518349493,268.81832356988843,2.0502882454718114,0.132181138567102,Low
7,9,2,517.6856435081535,0.2344256000115147,304.1087674609717,1.7810538597261996,2.3665482097297117,Low
5,15,16,967.1493167988294,0.34508374551323373,288.1329766848587,2.2644823750869936,3.7305274309288716,Moderate
5,8,10,567.1290521165938,0.03010387221131894,375.9829253454029,0.9283877293385471,3.766865278260299,Moderate
5,25,20,709.7880407130579,0.9614923245741122,301.1041583446981,1.34391496914657,0.15559815590938472,Low
10,5,19,380.67747212519487,0.6678679067008134,301.5515676377138,1.2164150289912554,0.7127421293806442,Low
10,11,22,796.5922403374863,0.9332050877593062,227.67431894411132,2.9522683918995427,0.2615098707395994,Low
3,27,20,795.6293336885036,0.2654964074290723,396.5479081820772,0.8767468702181637,4.200956120367642,Moderate
1,2,3,569.166442888725,0.6114636112256608,249.99457817376594,0.8844517150403006,1.002898271590549,Low
5,24,1,978.4124409512922,0.6784999682926378,214.67281349192052,1.0636446264858221,1.2451652778125097,Low
9,28,19,212.99519328638803,0.31754970025758844,332.6292497950418,1.6937822438709644,0.9423343446130984,Low
1,15,15,115.2528984006229,0.8481092350156301,319.0732740313745,0.7569682327912357,0.10014108434101719,Low
3,6,17,793.1423905813864,0.9471614629002478,283.02913079854915,2.7458698211378216,0.2519714370501106,Low
4,8,7,826.4399836283943,0.8848551176960043,284.4384467761356,0.7970566945987905,0.4870778613896553,Low
1,27,2,208.1865062085186,0.7390669759393725,357.0127842092862,2.6874471946805842,0.4100986972986387,Low
1,5,8,339.02454966274547,0.27746467972495403,239.1425280199298,0.31042519093975396,1.0066357979827247,Low
8,16,19,115.79712702996602,0.28161604210563174,364.05066378897794,1.969688107198957,0.6041542308907465,Low
2,26,5,363.9777497025082,0.9633603204460379,329.7494227790036,2.7209565553147312,0.09323501937070536,Low
12,18,9,795.8276865268043,0.010284495935692028,283.7939547559049,0.5062483151946886,3.9140734253004537,Moderate
8,6,20,566.164474941321,0.7160499732421445,291.6057233167737,2.904980880297765,1.0082928507183935,Low
7,5,9,413.28603385145925,0.7062461625552622,251.32944143721915,1.3586500812465352,0.5776344871968602,Low
10,28,12,434.5653654156973,0.6226895409497974,350.42286653939493,2.8371453253230734,1.2293161854427839,Low
10,16,16,101.21826314392133,0.9901088460868658,302.57494846105357,2.030460130890141,0.0060739301939073944,Low
2,13,8,369.82047480871233,0.31187943576372523,264.1709085499687,0.9047606096206546,1.2218147510893838,Low
6,28,16,681.8128674741374,0.3399718637932482,319.21002315219005,0.5649075747513193,2.5294064047642233,Low
6,5,23,976.7749994347214,0.07893940294655555,399.14689041026463,0.9112051386752982,6.530357538388626,High
3,13,8,862.3547442855096,0.44279813654373745,287.05245593131076,0.27905222778802496,2.3629884910639705,Low
11,17,8,121.23546818097621,0.2610485262348481,384.1382801557239,0.4316038990299893,0.5983193367998684,Low
2,18,0,908.7045442073554,0.3433867021776442,269.0033679849132,0.31398132103944343,2.7590856433707893,Low
12,8,1,804.8785719687634,0.8345717902556277,210.94654138499718,1.2688306312246733,0.5275212339876452,Low
1,13,15,802.3385112138824,0.9354845135274957,240.84842127368577,2.3867351287727594,0.2573777613894605,Low
6,19,0,512.1961831032143,0.18573307200518563,283.7390286655368,0.42415066264902057,2.055945702426623,Low
12,26,9,458.20476365905256,0.37250893155346587,243.9269857189138,0.39096129951700764,1.2145949596814654,Low
5,3,17,372.62415594987334,0.9286305621153941,200.04540764365112,1.9302868485519924,0.10578193399485543,Low
11,24,7,159.1253730589292,0.06180846068922263,383.00030754950546,0.5915489459041988,1.009341887606773,Low
9,8,20,305.4118271443292,0.09236052811137851,368.7758822461858,0.2928301143269748,1.7536595742187744,Low
1,2,10,321.94327148022217,0.16279098920622936,348.4584462973894,0.5005457346167329,1.6437087352464204,Low
7,8,22,535.6693627391815,0.5952128341268748,233.56291912920574,2.7711941876303285,1.0779725325043983,Low
5,27,1,772.6999659370246,0.15047227100599747,224.0727152419972,2.4644137583285723,3.0556107947171993,Moderate
5,13,7,526.4288455581519,0.9680763814507335,213.52094989447664,1.0621936870652822,0.0661579884415758,Low
2,13,21,152.06000450244454,0.44671452725852034,344.8058377545842,1.9674623019821784,0.5786150080958281,Low
11,1,7,962.0108208893835,0.5015179603501664,385.76159213757705,1.6118270210041143,3.580121494659477,Moderate
3,6,16,948.451887184701,0.2466586158054065,286.1071641826074,2.031372790447692,4.099206499383554,Moderate
7,24,14,806.6705888335675,0.4709602524347335,223.82813439920963,2.048013457388278,1.9180653233663483,Low
6,19,16,992.1951114077985,0.6619136326370115,302.4785641464213,1.8862020451799788,2.01007009632242,Low
12,16,22,590.0340995202366,0.7511771369540428,269.766381491726,0.7983041056119258,0.7127865965238407,Low
2,8,23,966.4915152278854,0.753868082709913,274.9649848699995,0.11701926228845438,1.1029217456228033,Low
6,28,12,168.0445365550757,0.5778911126940883,324.26612483114144,1.3667003459703264,0.43574622727104595,Low
2,1,18,429.11267343523417,0.9043597749938572,343.7436226524405,2.6729216540721117,0.2979696834679439,Low
2,27,4,302.8431412060893,0.8174078473061094,222.12071977463216,1.7084917755557276,0.23968377047572295,Low
2,27,11,276.249775720843,0.7570481146986254,207.11804616129527,2.4971731251057236,0.2895347424853351,Low
11,16,0,226.72265400340848,0.05560552168046062,398.86606053714297,2.9748730288836844,1.8468316385300476,Low
3,9,22,660.172277409397,0.006877962219649314,246.54566978311038,0.4908486124148288,2.826289538931573,Low
2,13,4,803.1896701725746,0.21244727719547296,210.76610498169183,2.075332917425947,2.6831588459040705,Low
4,11,7,620.4685594783246,0.6635235939134523,237.975065819184,2.0228807211000737,0.9955501453493542,Low
9,13,12,232.26643862938872,0.4111974888825458,207.79156926969284,2.9398663420748354,0.6128618353180516,Low
6,25,7,830.0113929401239,0.40240625929931173,278.3621789234343,2.956802201858401,2.981582971912144,Extreme
1,21,22,672.3592364473557,0.8845868882296137,360.48035689026483,2.060035835172388,0.5622577860565172,Low
8,10,10,449.349135514296,0.8955628481318387,268.24888995154413,0.7308443759465828,0.2251435500384142,Low
12,4,0,706.7172659824566,0.9091752640535857,288.8366813756733,2.395667514391797,0.3830194784468085,Low
7,27,12,333.9144813185495,0.3138780765150273,335.11735471348777,0.3210874026331143,1.3207106356146867,Low
10,6,18,410.67298764478943,0.6910558127392618,301.77881401397605,2.342097912514886,0.7875944564351335,Low
3,28,23,925.7372588187912,0.27163318127436964,372.2891372042649,2.7305883724340894,5.326175670286494,Moderate
1,7,2,361.4540551042783,0.19060983307444979,373.20713500915133,1.1485001843053058,2.028738908059628,Low
5,5,23,522.989441342143,0.18463245734736922,201.98213909823073,1.8919058849492414,1.7071021952354049,Low
4,11,16,901.1270236564131,0.34210762086359403,355.60926129663983,1.290428196290479,3.9670995175669796,Moderate
10,13,4,736.9492152407747,0.4299576197798217,292.14672004833477,1.3132951649643854,2.3141078098249253,Low
8,26,19,155.98290354823249,0.8309491710550684,397.7681082607326,0.9311126673243602,0.19108974683673025,Low
1,25,20,232.5727398510733,0.1198910934727121,296.64641517508704,2.2863888613509737,1.2433899013373464,Low
10,19,7,107.05743169472514,0.7349258473948942,397.3791890776595,2.8085296924995156,0.24073395470695141,Low
1,23,13,667.829611206247,0.5314549141893053,350.9138722411473,2.8222525777033836,2.3465546488168116,Low
12,10,3,502.9060828693765,0.2879453426759925,249.72097692266127,0.5243438546248015,1.5685523723209058,Low
4,10,10,220.847365812048,0.4928195845328246,307.67899585739156,2.624230948969698,0.7251138972918529,Low
8,11,19,962.1407089510934,0.29994206977702265,398.4271278957166,2.212294324281366,5.462198554062422,Moderate
5,21,14,576.6937515510579,0.596081955238306,371.5061215503847,0.7585122020708678,1.5516917174555558,Low
2,7,18,317.7039647016003,0.4338439228552442,219.47337875824422,0.20185383876454366,0.6712255884089507,Low
6,18,6,550.5432140392368,0.16440552907887873,341.2743993619992,0.8039918006531339,2.8269861321525585,Low
5,4,18,711.658299461597,0.11658307455569672,269.11591717416263,2.736624710344577,3.5915318449779066,Moderate
2,2,18,168.61529617620803,0.5466956820721302,201.39645237606962,1.899536024687317,0.3052934027691213,Low
11,14,10,347.2334335431028,0.9024130332861034,280.6961938053999,2.1631639826936153,0.1928169412200046,Low
11,13,4,826.2689417955943,0.34395768655768555,246.95088434499425,0.7714570533272875,2.403184252909098,Low
11,12,4,513.6983833623951,0.7330001072226232,363.7738541040943,2.158164466724461,1.0110381208105996,Low
3,7,21,591.9194278290654,0.658661354939767,267.4661217691531,0.08436451883377127,0.9082682240610067,Low
9,2,7,489.53440198852235,0.931554914309481,365.50473879076344,1.1259640373190414,0.22709360375614912,Low
7,13,9,139.50994837870462,0.8209810172991409,200.11958776695906,1.8802600456269936,0.09896202172902697,Low
7,14,5,249.17480183814033,0.566605258905463,261.56383000522385,0.43828969662396067,0.49140949327388245,Low
11,27,14,500.9874748677018,0.6570304982341073,248.2330428615524,2.469010723340804,0.8863856362711388,Low
6,17,15,288.266918867135,0.8983864665840349,246.71347221372218,0.7050938964357559,0.12893726555560062,Low
8,9,16,144.98112579371087,0.3995187845869348,213.63732395309253,1.9568433384553388,0.37064087447365107,Low
4,17,7,859.2846976466413,0.32679470585777737,237.42485408210035,1.2155914277259892,2.567330083865534,Low
8,8,7,983.0732762477043,0.010811083635196339,311.109913977124,1.7881307864329417,5.943916200777011,Extreme
4,2,8,813.8285865970655,0.8265510741914642,258.2722145675489,0.3223516578867244,0.6272051876970152,Low
8,28,1,868.4064295342004,0.8009807004033649,283.4789564658296,0.05073839976482197,0.8207025221352048,Low
9,24,14,317.77941728534086,0.10445451810015138,275.3733760694377,2.7286932821409033,1.6625240319109855,Low
3,13,17,964.5642779618797,0.5768573811327002,375.18098499997893,0.8088900263015484,2.7585992305917433,Low
3,3,2,277.2331340080856,0.4639816981668874,381.0597998021031,2.4590310083413773,1.1758472405654885,Low
11,16,16,956.286829325649,0.11870909550911146,298.591394331172,2.9980509014166006,5.451446221592019,Moderate
2,6,3,995.3373645693559,0.9805682270607236,266.0311900631209,0.6342937739967335,0.09119535014306823,Low
10,19,3,740.5505251714438,0.21469588746335544,221.36014080047272,0.7955122235500668,2.3162423157806127,Low
3,7,13,983.0293586126397,0.06723418009056115,390.68057587641897,1.9885793629039972,7.157764465945093,High
3,10,8,612.5858016103933,0.5948473795019096,212.0453889800595,2.8963459038018637,1.1311750947271177,Low
5,9,8,333.5876048584813,0.7388666771330327,259.53005551365607,2.7474430445722318,0.48032112715090103,Low
5,2,22,493.2962970990588,0.03244344604718696,259.61324023400084,1.5086265601967548,2.376748890246083,Low
2,28,17,634.2048418409073,0.6587176387270222,264.08025722804297,2.3853308475801738,1.1798741671527395,Low
12,28,9,165.7734058243135,0.5322918759514544,232.85736865448186,0.4072375592997032,0.3131583361728961,Low
10,15,20,660.1089381555215,0.10326500887504841,356.6322861847394,2.932314552612037,4.5501466752258555,Moderate
6,5,3,983.0600530860651,0.17252387694636206,224.49957239319784,2.8930597021079594,3.924241996754811,Moderate
5,22,11,271.0968848053549,0.5679742973160805,326.98133183063254,0.4911868736375129,0.6696231250102143,Low
6,4,7,813.335604659545,0.2963576135132884,224.76920534116348,0.8982693744093199,2.336495104113956,Low
1,20,1,917.1089144016574,0.9383157286513161,214.1071275185913,0.3004649925203008,0.20793713642449738,Low
5,4,21,949.3314335381988,0.8187402294840508,381.8859007371753,0.8151527966945391,1.1844979695293314,Low
9,18,12,964.1220439649024,0.983567206513663,238.02575326374114,2.44786736824562,0.07823679666408503,Low
12,4,20,569.3136748493248,0.259670838950414,364.2500309119408,1.1349468214957783,2.8491345950762708,Low
10,27,15,979.5771171923533,0.969723632797977,308.9261742214272,0.26519090144027513,0.15675192446331304,Low
2,17,1,781.579186420995,0.43123386979155787,215.57130392175392,1.0266765743367137,1.7611285055395076,Low
1,12,10,245.5042926132657,0.3475187953137546,391.0896382876135,2.9441500027238403,1.3515300070660863,Low
10,22,9,529.210095821173,0.05034952696935324,249.3922333983785,1.8890507857776089,2.48353775132795,Low
11,17,14,746.4980578348036,0.05276525785960262,371.92906907052134,1.2484828392184733,4.930479114043413,Moderate
9,10,16,322.60628423717503,0.6920112559466547,233.76200115691285,0.49961554049181,0.4064468208019357,Low
10,22,7,676.5536651939987,0.4579289944340279,370.78857642837056,2.9585303918510846,2.9369007907790996,Extreme
9,1,17,699.9404311419573,0.2265216260361057,202.6457625810588,2.462547027789386,2.2787797047301472,Low
9,22,22,246.4297694277093,0.6139703063252326,302.3560913138961,0.8444319073527582,0.5198621050694363,Low
6,26,8,608.5767812074807,0.2528581182501112,353.88851588431135,0.21020608716356837,2.738219052871145,Low
8,24,7,794.4642198807469,0.5776317543444226,386.95910349855666,0.1698766721326741,2.200873629076486,Low
11,27,13,549.0060980823478,0.35920874698269034,381.84042724129745,0.3611344485166015,2.3196993960984384,Low
1,18,17,110.89280509849668,0.823552226611819,363.92497390952894,1.7423057508432649,0.13935852638867985,Low
10,18,21,108.13462217136296,0.8206961607667793,377.6382699322608,2.7862902636164772,0.15603558876713913,Low
4,14,19,421.32640957301095,0.4773503981224013,239.8439371674153,1.4902302840179535,1.0114293068895976,Low
1,15,19,933.5746615886038,0.3508191093350156,256.83685914234576,2.5288364473685916,3.2503611854035035,Moderate
8,12,20,305.8091016432479,0.36255979655909454,257.7937049842117,1.3376598595794236,0.9495860794027987,Low
1,4,11,670.9273199845185,0.8057145256682179,275.41078620033977,2.125750637303476,0.725527930455633,Low
3,27,18,299.86828362398853,0.328179482797612,278.6641340770377,2.1956182118595025,1.141083544050579,Low
4,3,13,389.50299069359374,0.20905937370684602,308.9110649309351,0.521891117710016,1.668901471811952,Low
8,20,16,863.2378806413356,0.08468834187530683,231.97595267328828,1.0836481769274353,3.3858984767347025,Moderate
6,12,23,755.9752980429522,0.4666931208844084,338.24933275719786,1.9119064696140717,2.7073958788256274,Low
10,7,20,185.85934958188955,0.4821320989198419,233.5133078609013,0.21208982455309855,0.3825413778198994,Low
12,11,2,485.83181888779023,0.8409087104029072,262.0616964209095,1.08462056328887,0.37420146741744287,Low
7,1,22,126.25278728073802,0.22123869644606398,300.6690261212308,1.6043983988435775,0.5717489940682117,Low
8,6,6,532.801131942708,0.3809912736683999,359.28811230469546,2.988673479133916,2.565182728646297,Low
2,15,16,696.1906105309613,0.8084057388936909,347.8938466477455,1.4236006878673222,0.8835053198069759,Low
10,15,11,206.6523612383364,0.8236236107489735,329.10687128210446,2.4481702713429705,0.24886970850165552,Low
11,19,8,359.9964450182491,0.3846110759787682,231.15465211603404,1.296201855199853,0.9641213933232979,Low
8,11,14,458.05296295194125,0.4591240232866809,309.40906912311556,2.389172167859127,1.582841638072866,Low
3,26,17,927.5779221904447,0.3032858908492829,217.48930035997708,1.7862444048603252,2.761004389581076,Low
7,23,20,993.9295138806676,0.9325548784193121,275.4726353593302,2.659786324507195,0.38963657550005504,Low
3,26,12,140.42016909605428,0.11864376574158031,282.7033060579918,1.2328276570503296,0.6550126766922243,Low
7,2,20,784.9071311458529,0.93374942300147,207.96228788915076,1.8129132594644366,0.21291109383259066,Low
11,14,7,434.5516597621089,0.6838664518353432,254.79761989399435,1.8900560418564822,0.6936494030177878,Low
12,2,13,453.21236760653204,0.5315721526867312,391.1298934532979,1.25214882540142,1.557218967679249,Low
2,4,7,778.8384760123204,0.032659060784495875,390.7265215659379,0.43293613106244455,5.11864671368952,Moderate
10,17,13,926.5837889308677,0.4755961918220083,270.46541085050785,0.28067822073700666,2.2518153876317646,Low
6,3,6,955.8357350522936,0.4077481050027323,208.6200217896648,0.0500146517988993,1.9781588030392063,Low
3,13,22,619.4103274344887,0.16121881197512256,235.8189878656363,2.620602792735644,2.577120602235403,Low
3,9,11,421.40904337045254,0.6564096035006569,278.443558686708,0.7094247367160836,0.7196095797716731,Low
9,7,10,808.7941772729014,0.9711509073682858,389.55593959384595,0.6345202478453041,0.1611041236054404,Low
7,15,21,325.90124493607027,0.5621888110645251,228.23981270743698,2.2081062012781967,0.6626150967482136,Low
5,23,21,607.666625950166,0.7147532764439458,352.7031687336424,0.9600483392621753,1.1167517203312038,Low
12,11,10,422.72061537238585,0.06845045256601678,221.7365078749384,1.5181340772355099,1.6762063059257903,Low
10,20,21,690.9679663370885,0.41766699581699473,396.2515154782553,0.4875331958923689,2.7869062068900705,Low
7,2,12,316.35902160415617,0.11635848516449587,276.323299821827,2.879237164385908,1.6581076842705642,Low
9,15,17,272.43365116134316,0.6127958355365104,355.0469077798112,2.554744200051712,0.7836878670757987,Low
1,14,1,926.4151780078934,0.9384821582141546,268.51821656222637,2.59136886889501,0.3211457678689636,Low
7,20,20,191.62331465458323,0.6617777324716385,325.53377543176174,1.2203212457160157,0.3945487219802551,Low
6,22,14,555.3621169614385,0.07680304831442153,238.40321694800735,2.2870836411215185,2.503112040177211,Low
10,11,19,298.767504666708,0.35466620498508283,229.20420385939252,0.4316284661693405,0.7683183540714045,Low
12,27,17,135.0369669931007,0.5506633794408515,387.61282791362623,0.025857007775340834,0.3930003045149201,Low
9,3,14,132.41693646228376,0.4032077561332522,383.5294555808867,0.05991879773408437,0.5081695697388996,Low
1,17,18,257.6995948952446,0.8336440104751723,377.4937880425765,1.7598052122136814,0.31718370295416626,Low
4,12,22,880.0933190554002,0.8146710047099892,325.0866900333187,1.3661847157438225,1.004464849193417,Low
9,24,23,354.230869579324,0.6118310201032214,361.65364224325566,1.5540460467255592,0.957597312222932,Low
4,28,11,955.4132535177662,0.37345794513270525,213.80738738227498,0.022389421251658215,2.137884399860495,Low
10,21,12,623.4600636902742,0.25533637376324414,266.95780837813584,1.2680598589722771,2.327605119412112,Low
3,15,21,492.95277079188946,0.10587431821312931,262.74062495143124,2.1542044836025824,2.3458832705609995,Low
9,16,10,622.0799512025092,0.35489768348655404,327.1290643905227,1.3280811059023074,2.4785577205998055,Low
2,5,4,565.028546703641,0.4131725172077195,271.1915546941281,2.196657618936667,1.8278753576991047,Low
4,27,0,782.8986283815926,0.6758229251040736,229.70135632873615,0.6990568931905043,1.0395506099366956,Low
6,20,23,354.24645937556704,0.6581598242975735,319.29341508270875,2.4394260134451766,0.8016183945176952,Low
2,6,2,417.74535244027214,0.07010813964125695,362.8767841338163,1.765293721360357,2.764106553884366,Low
8,19,21,904.6848722799257,0.3952593154311578,276.42469889199464,0.6322892982897187,2.679901891967133,Low
8,25,18,951.8108618353649,0.18177886721736192,226.45374301969633,0.7101614275614988,3.148078972518987,Moderate
1,5,22,903.302404737827,0.1568127053168057,239.3376394625646,1.8840913937086112,3.6106297506558835,Moderate
12,3,6,477.50319456158223,0.8273021497372459,247.4966610338768,2.4898187796373303,0.42485178166988385,Low
3,27,11,802.3289527061935,0.04191521671625753,259.97951859890725,1.2468833460874655,3.746075123217601,Moderate
10,1,14,528.702159970989,0.41918287590212133,328.5590141012618,0.7749012873827766,1.8118654064632143,Low
9,26,4,547.7858669314919,0.1682036557665182,320.1890969075438,2.601034820731801,3.064004021068421,Moderate
5,28,14,284.21209815155555,0.879330215678474,339.21597231340786,2.007804875252505,0.23282508071445665,Low
6,6,7,632.0172729326648,0.5570405132750351,272.5003969063026,1.3442564618492296,1.4423972304978423,Low
4,15,9,267.52230797801315,0.23138063637684803,364.7995303759957,1.4637005858379055,1.4331748504067248,Low
10,2,15,398.4082291604744,0.5024272871663764,240.81753223115206,0.6127694038091892,0.8444042972492206,Low
2,3,7,869.5271814579417,0.7314863597031158,293.8081495036308,1.8804078901945318,1.3582929734924107,Low
11,17,0,286.3682282897697,0.9581180089194338,360.187744308286,1.0762275316286658,0.07974834927599588,Low
8,25,11,164.04245665608954,0.22044600424541894,236.03172954652385,2.9869355300230476,0.6533235141895388,Low
11,24,4,162.10683335153468,0.8861817721293451,221.9726227481566,1.4405505457856635,0.07809230270154331,Low
6,12,2,946.7060684527971,0.9343041141674903,376.7367935375979,1.4576568185688394,0.44744115845248855,Low
5,18,0,556.2283941656511,0.9164205445320662,268.58593255183916,1.6975553622320156,0.2434332029954645,Low
9,15,3,468.4708646353165,0.6354143568619098,336.7740249818064,2.7502680093562404,1.2223309254893528,Low
1,12,7,829.7907229071266,0.6298206544347077,205.0697208527877,2.402454299579251,1.302083044662694,Low
5,16,2,852.2433351194644,0.4032106331838228,338.00937768188993,1.3533902093935244,3.2530276428848603,Moderate
6,27,9,398.9719298040441,0.7523978823037879,263.2202623093941,2.156097797918388,0.5268159906522714,Low
5,8,1,724.2562517264157,0.5312940183509319,211.14817071748834,1.758706496342285,1.4047154913511948,Low
6,28,10,794.010534266698,0.6774380712282945,321.9625523096234,1.4771011461037467,1.5773413620977341,Low
6,14,9,689.185618179359,0.42845790384879545,248.16076321463464,0.5769473183530516,1.7231640931592418,Low
7,25,20,236.43556732008943,0.7314964640431391,277.361448410376,1.3918087903646728,0.3343107570104894,Low
